ticker,entry_date,return_pct,duration_days,rsi_at_entry,atr_pct_at_entry,dist_atr_at_entry,weekday,month,Date,regime_bull
RCUS,2022-01-07,-8.221948477082206,11,35.37932536986952,6.427371495833088,1.4013999361310012,Friday,1,2022-01-07,True
HRMY,2022-01-07,-7.910933549700506,11,39.94451489144857,6.245601917457608,0.9743417611352416,Friday,1,2022-01-07,True
TREX,2022-01-10,-4.540850628703353,3,37.414444861576094,4.072888121387449,0.9087181930572964,Monday,1,2022-01-10,True
UNFI,2022-01-10,-9.825203133053057,9,36.19227075043245,4.471726567436927,1.940070314103081,Monday,1,2022-01-10,True
CCRN,2022-01-10,-17.10038033837511,9,31.87918921140188,6.108549753948726,1.831253201920907,Monday,1,2022-01-10,True
UTI,2022-01-11,10.10300231869853,24,37.49999324431156,4.186754651198562,2.2995138243555284,Tuesday,1,2022-01-11,True
MGTX,2022-01-11,-18.273365526950077,8,31.35047692011717,6.315806305095285,2.800782763986996,Tuesday,1,2022-01-11,True
SNDX,2022-01-12,-4.987880478568874,1,30.569296710864705,6.320687108253847,0.6841309294589528,Wednesday,1,2022-01-12,True
BW,2022-01-13,-11.111403445218006,7,33.762057232827374,5.373206205482823,1.4441482030395971,Thursday,1,2022-01-13,True
TENB,2022-01-14,-2.9137827679462545,7,29.71863588827816,4.958446670697439,0.5449149113822354,Friday,1,2022-01-14,True
PACK,2022-01-14,-10.462853031156913,4,31.827114998053677,5.75370009634321,0.5116586775749108,Friday,1,2022-01-14,True
MRAM,2022-01-18,14.175455830049884,21,34.64567394518751,9.123097639637797,1.835664064287253,Tuesday,1,2022-01-18,True
PRKS,2022-01-18,-5.2107631675482695,9,35.64199842558915,4.524415032716724,1.1875994004943973,Tuesday,1,2022-01-18,True
BZH,2022-01-18,-7.079486592033324,2,27.6190608211632,4.415089698820484,1.1599979741098303,Tuesday,1,2022-01-18,True
AOSL,2022-01-18,15.356125752722932,22,30.844718359035117,8.3888414031743,2.856142553068505,Tuesday,1,2022-01-18,True
HGV,2022-01-19,-3.1880156114546274,2,34.65147533800571,4.001031198755712,0.7333750449557583,Wednesday,1,2022-01-19,True
EXTR,2022-01-19,-6.5040116128784655,28,16.19255957748922,4.531634087770354,3.021898107745351,Wednesday,1,2022-01-19,True
LXU,2022-01-20,7.984696979437622,6,32.173913634032445,6.489433380282021,3.0518965065333674,Thursday,1,2022-01-20,True
LAR,2022-01-24,13.807081140332404,16,38.288285776900366,8.604674079951993,0.7876703941914448,Monday,1,2022-01-24,False
HGV,2022-01-24,-4.180162499424093,3,36.65651961380637,4.208046284677796,0.7188677109608833,Monday,1,2022-01-24,False
ZETA,2022-01-25,5.170897501786928,3,38.46153358641839,6.315256437495369,0.6348682142969123,Tuesday,1,2022-01-25,False
WNC,2022-01-27,-15.179832451159944,11,36.1301373470866,4.290339973085683,3.312637563320002,Thursday,1,2022-01-27,False
LXU,2022-01-27,11.14503131298437,5,34.06592443386991,7.518580351926669,1.8827257354913869,Thursday,1,2022-01-27,False
F,2022-01-27,-13.485926225117884,27,17.654810582043666,5.984317823710644,2.3571122161388027,Thursday,1,2022-01-27,False
HLIT,2022-01-27,-8.99435628537898,5,24.9134761912248,4.136091162986482,0.8122901834225338,Thursday,1,2022-01-27,False
APA,2022-02-22,6.81134171341841,3,23.21171601904821,5.2774629603594265,3.5099493427650743,Tuesday,2,2022-02-22,False
CVI,2022-02-22,-11.548724566242194,7,39.04899654268962,6.114321598990579,1.8757879226889944,Tuesday,2,2022-02-22,False
SM,2022-02-25,6.274944617200911,3,36.86382577504967,7.3669507697843155,1.779488548319624,Friday,2,2022-02-25,False
FUN,2022-03-07,3.481146707558147,28,15.530794170312433,4.521831516969355,1.106006905592173,Monday,3,2022-03-07,False
AOSL,2022-03-08,11.32234179916049,8,28.949220393962435,8.810544810302869,1.3822828683683717,Tuesday,3,2022-03-08,False
UTI,2022-03-08,6.022477354006336,10,32.00001166883587,4.8662723910025685,1.8649652262889531,Tuesday,3,2022-03-08,False
HUN,2022-03-08,8.815199588386518,3,34.125751018620335,4.149603783565334,2.153565941441772,Tuesday,3,2022-03-08,False
NVST,2022-03-11,4.5544467139888845,5,38.16226293056078,4.044183959073832,1.2935974064046574,Friday,3,2022-03-11,False
OBE,2022-03-15,12.4401261817118,8,28.87323669301216,8.101975220092847,4.390104394771898,Tuesday,3,2022-03-15,False
GPRK,2022-03-16,7.54945848453177,5,39.15094178161255,5.704612539419769,0.6421062327309816,Wednesday,3,2022-03-16,False
CLMT,2022-03-23,-4.378321321387967,19,29.623283825294067,7.351689755892572,0.8435155552489616,Wednesday,3,2022-03-23,False
CMBT,2022-03-24,8.917857967996285,8,36.50384803184371,4.307137574394869,1.159942276064126,Thursday,3,2022-03-24,True
SKE,2022-03-31,-3.7903015950010026,6,35.53571374071694,5.713170761853985,0.5469308270787993,Thursday,3,2022-03-31,True
ZIM,2022-04-04,-12.022046332388344,2,28.9804530443909,6.7236809813251,1.7011261045878658,Monday,4,2022-04-04,True
PANL,2022-04-05,12.488331796475688,14,28.57143118855403,6.434940371482574,0.8497420526442171,Tuesday,4,2022-04-05,True
BW,2022-04-07,-4.216082537157055,5,36.71496291081021,4.842287997338069,0.591695413253134,Thursday,4,2022-04-07,True
HBM,2022-04-11,-6.299726138893541,10,36.36364007303386,4.578927562155612,0.5144203963427743,Monday,4,2022-04-11,False
EVH,2022-04-11,6.4870479791466735,2,29.573601407011225,4.316403823145455,1.151778627933386,Monday,4,2022-04-11,False
ACRS,2022-04-12,7.877499136998398,2,32.803174980750626,5.919440625386867,0.7345152024727565,Tuesday,4,2022-04-12,False
JBIO,2022-04-21,-14.72969368463806,8,25.467618605019997,8.393494995310018,1.1333463260054029,Thursday,4,2022-04-21,False
RIG,2022-04-21,-16.174464608042708,18,39.999994685923625,7.357630825757811,1.6726962556144478,Thursday,4,2022-04-21,False
NE,2022-04-21,8.319208861390834,15,27.848126888174903,4.737301249368153,2.711817493825402,Thursday,4,2022-04-21,False
EVH,2022-04-21,-6.265970773398802,5,29.98729802401424,4.354918220040975,1.1477330976732296,Thursday,4,2022-04-21,False
ALTO,2022-04-21,-10.7331190263284,15,36.46208659392603,6.728989323223248,1.410863825195405,Thursday,4,2022-04-21,False
ZETA,2022-04-21,-20.40138131316111,14,38.377721082373526,8.714525097585234,1.582355040001861,Thursday,4,2022-04-21,False
TGB,2022-04-21,-5.383485902488601,1,39.50616670586968,4.65034735874105,0.6241492196866152,Thursday,4,2022-04-21,False
YPF,2022-04-22,-10.749779858459522,4,36.05439935871457,4.922257479068754,1.260109403642807,Friday,4,2022-04-22,False
WTTR,2022-04-22,9.284171070821127,12,35.51402353455468,6.303088374109604,1.718801330270782,Friday,4,2022-04-22,False
SM,2022-04-22,12.261597856133609,13,32.8406179611608,6.085193297260893,0.927243923142116,Friday,4,2022-04-22,False
BKD,2022-04-22,-6.69879419355188,7,33.018867918670864,4.455262685203633,1.146604302921751,Friday,4,2022-04-22,False
SLB,2022-04-25,7.745010309246834,9,39.5924269792688,5.472563283164153,1.4373095758750256,Monday,4,2022-04-25,False
HAL,2022-04-25,8.282875303351018,28,37.51814261887861,5.173783167365242,3.591741077254793,Monday,4,2022-04-25,False
NOV,2022-04-25,7.265329059163411,4,38.359785952688654,5.888557990556871,2.298401840090417,Monday,4,2022-04-25,False
TEO,2022-04-25,-7.322996181137937,11,32.31440755494401,5.026375218159616,1.1875565937075827,Monday,4,2022-04-25,False
APA,2022-04-25,7.300164183762208,4,36.96524413543326,5.404318603254314,3.6386237445519134,Monday,4,2022-04-25,False
HLX,2022-04-25,-16.305887214198982,14,37.38738724836399,6.616996882927563,1.91799405771312,Monday,4,2022-04-25,False
MUR,2022-04-25,-3.145203196633827,28,37.90376195604538,5.351360562489246,3.148315366696579,Monday,4,2022-04-25,False
CGAU,2022-04-25,-13.33339815852472,14,37.32393520119755,4.055127146949937,2.38097835361022,Monday,4,2022-04-25,False
OBE,2022-04-26,10.28887151752132,7,38.95349073784233,7.583095828238985,3.587947873104364,Tuesday,4,2022-04-26,False
HRMY,2022-04-28,-19.19644864230096,5,37.88063619965534,5.762401087642305,1.7005362111009008,Thursday,4,2022-04-28,False
NOV,2022-04-29,7.511536161090912,6,32.2784775029787,6.035876621236708,1.903857103427281,Friday,4,2022-04-29,False
SXC,2022-05-02,-7.741957167511717,10,39.1585751751951,5.013495669411804,1.5573475406003954,Monday,5,2022-05-02,False
SSRM,2022-05-02,7.767644598588371,1,37.29016009754673,4.487095458975889,2.5442268596663338,Monday,5,2022-05-02,False
CMBT,2022-05-02,6.960968609008651,3,20.62256003965338,4.595031919749714,2.238791237508633,Monday,5,2022-05-02,False
LXU,2022-05-04,3.595512686097704,29,34.21428325695983,10.372058092612832,3.169182767514078,Wednesday,5,2022-05-04,False
PCRX,2022-05-04,-8.316140726946895,2,31.24679252196998,4.439356397823232,1.8205052911700137,Wednesday,5,2022-05-04,False
PUMP,2022-05-05,1.087566956940844,29,24.84724205196592,7.567696473111226,2.047861819114676,Thursday,5,2022-05-05,False
OBE,2022-05-06,13.78600300522626,17,26.16033390995717,8.42902358947141,2.295254490095276,Friday,5,2022-05-06,False
AGRO,2022-05-06,-2.3936021717597886,31,27.888446591486428,5.154012933237043,2.797040502328989,Friday,5,2022-05-06,False
DRS,2022-05-09,-21.768490371123992,2,26.358164919011685,6.2027752819433895,2.699590809233453,Monday,5,2022-05-09,False
SSL,2022-05-09,8.94065060152269,4,36.11111105493827,4.290634376161169,1.9542013473206796,Monday,5,2022-05-09,False
TALO,2022-05-09,8.312964221857538,7,39.84891413624877,7.537156282382162,3.1115892441713653,Monday,5,2022-05-09,False
APA,2022-05-09,11.360507608354482,4,37.44509739798841,7.275145626477145,1.762476404588742,Monday,5,2022-05-09,False
SSRM,2022-05-09,-7.243595428045419,3,35.17298185046879,5.600905993304233,1.208486032803182,Monday,5,2022-05-09,False
EGY,2022-05-09,19.024739736633496,17,20.454550299195205,9.316376751273788,1.9829843460925287,Monday,5,2022-05-09,False
EQNR,2022-05-09,12.291337876664633,16,31.733844860051175,4.6432482127408665,1.5733411153551482,Monday,5,2022-05-09,False
UTI,2022-05-09,-7.45917080493852,1,34.53389242368941,6.631726076542958,0.909843675015508,Monday,5,2022-05-09,False
LBRT,2022-05-09,20.08206387887553,17,30.21664497317562,9.064416420846229,0.7880563502286272,Monday,5,2022-05-09,False
NOV,2022-05-09,11.813668842617895,16,25.115564930681856,6.377791948953902,0.8027947039913472,Monday,5,2022-05-09,False
PTEN,2022-05-09,16.24518031891737,14,30.83743416919731,7.922689158906518,2.469848657576233,Monday,5,2022-05-09,False
GPRK,2022-05-09,10.505031125732254,17,30.859362720131543,6.878516147362472,0.6059655612141435,Monday,5,2022-05-09,False
EOLS,2022-05-09,8.602340995574357,2,37.02532832527815,6.059236114307421,3.1086873572317213,Monday,5,2022-05-09,False
SLB,2022-05-09,7.977931894117477,7,36.04350056651912,5.9002354215586506,0.7415333824748812,Monday,5,2022-05-09,False
CMBT,2022-05-10,10.530859815216706,13,34.76394707591638,5.339255368947406,0.9021004567377288,Tuesday,5,2022-05-10,False
LXU,2022-06-09,-14.187104460008165,12,39.90383925332412,8.669172284404137,1.6564108102925224,Thursday,6,2022-06-09,False
NEXT,2022-06-13,-17.204256397375133,30,36.281178115961175,11.589639938018552,2.062451599832178,Monday,6,2022-06-13,False
CC,2022-06-14,-13.14084409198246,2,35.98247909685338,4.973912659497688,1.47646064554019,Tuesday,6,2022-06-14,False
HAL,2022-06-15,-11.19713566160197,2,39.60656854385781,5.33149879437868,1.8468164270888212,Wednesday,6,2022-06-15,False
PANL,2022-06-15,-14.624062808886986,21,33.670041133446986,6.954676425797189,2.1136774252867685,Wednesday,6,2022-06-15,False
NOV,2022-06-15,-7.456255056326394,2,39.46588032732778,5.066905601166677,0.8055128493191074,Wednesday,6,2022-06-15,False
HP,2022-06-15,-12.701757086634132,29,34.417633241439034,5.941269017248621,2.7029699890540817,Wednesday,6,2022-06-15,False
SSL,2022-06-16,-8.714685199763773,15,39.643661392787855,4.180093800609637,2.044584995411814,Thursday,6,2022-06-16,False
LBRT,2022-06-16,-10.35813314309783,6,34.49720697130516,7.506323187022569,0.9020291534856728,Thursday,6,2022-06-16,False
TTI,2022-06-16,-15.336360439766125,28,28.85375314214932,7.638052832019904,2.298229820586573,Thursday,6,2022-06-16,False
APA,2022-06-16,-13.47693836367933,7,38.38268106761465,6.264922103035092,2.2110168450614327,Thursday,6,2022-06-16,False
PTEN,2022-06-16,-18.625719310666955,19,22.308894279859786,6.360369832155391,2.7977374252289136,Thursday,6,2022-06-16,False
NE,2022-06-16,-6.748717415336736,6,26.13730605789968,6.142079037893602,0.9876805652739404,Thursday,6,2022-06-16,False
TRVI,2022-06-17,15.00755165303157,6,23.943662918578735,10.670209462706037,2.3001023100886626,Friday,6,2022-06-17,False
SM,2022-06-17,-8.552253265163836,5,29.30962973508645,8.03364400779882,0.96797623006359,Friday,6,2022-06-17,False
CMBT,2022-06-17,11.27066145404171,10,27.6283530980471,5.060226611989772,1.2432387948594703,Friday,6,2022-06-17,False
TALO,2022-06-17,-24.141648816234497,18,33.115672494803704,7.5364256987306755,2.6480742632165297,Friday,6,2022-06-17,False
HAL,2022-06-21,-4.547359518795542,1,30.244459340845268,5.917179679839044,0.6358673563839278,Tuesday,6,2022-06-21,False
LPG,2022-06-22,-5.536105232770363,1,26.825840931969523,5.365364285504773,0.85280576127231,Wednesday,6,2022-06-22,False
HPK,2022-06-22,-16.326029518073522,19,36.45795166035267,10.44118227945098,1.71737107034777,Wednesday,6,2022-06-22,False
EQNR,2022-06-22,9.456995842673557,7,33.19040760262733,4.110474348580882,0.848829182826948,Wednesday,6,2022-06-22,False
EGY,2022-06-23,19.838939400258447,5,38.39150507135446,10.613517067407068,1.7261528967382984,Thursday,6,2022-06-23,False
ASC,2022-06-24,7.470892516885478,4,38.69047146768545,7.463086412367928,3.971291992765819,Friday,6,2022-06-24,False
OBE,2022-06-24,-9.653455645517068,11,20.320001199600483,10.04281092004212,0.831903379097705,Friday,6,2022-06-24,False
TRVI,2022-06-27,23.27650142908096,2,32.089553231335245,11.307135998217236,1.953161836375281,Monday,6,2022-06-27,False
TH,2022-06-29,27.5302486578561,9,19.704436023017664,7.178737665541292,2.054554640937128,Wednesday,6,2022-06-29,False
CVI,2022-07-05,12.804926006384662,28,34.37499648874157,8.328262598248244,2.299683080918702,Tuesday,7,2022-07-05,False
EGY,2022-07-06,-15.078728380683682,8,39.39393991506447,11.55243142716705,0.5338219585024827,Wednesday,7,2022-07-06,False
ASC,2022-07-06,13.328124004519651,12,33.13432843218406,7.615363082649015,2.8533668078548637,Wednesday,7,2022-07-06,False
TRMD,2022-07-06,19.021715088575554,9,38.41607280167026,7.885437135600613,1.9984626786985116,Wednesday,7,2022-07-06,False
LEGN,2022-07-20,-6.657889358398217,28,31.21661711756731,5.917454446723256,1.9459617678720715,Wednesday,7,2022-07-20,False
KURA,2022-07-21,-3.6775328095649455,28,36.69821807980074,7.42790453400112,0.8698526831833373,Thursday,7,2022-07-21,False
TRVI,2022-07-29,14.915590059113788,5,39.59183690565361,11.011859440914932,3.316586578436869,Friday,7,2022-07-29,False
HRMY,2022-08-01,9.885377342371758,1,23.81441527853619,5.017440973355559,2.0091469486817237,Monday,8,2022-08-01,False
AMN,2022-08-04,6.563372069451459,1,38.03901447062714,5.032347175203991,0.8075126062341776,Thursday,8,2022-08-04,False
CCRN,2022-08-08,13.775605677083549,17,33.675210582993614,8.02546038511402,1.0588948835699945,Monday,8,2022-08-08,False
QURE,2022-08-09,9.411829020940528,29,28.957537683744405,9.511471551457172,0.6630252941016629,Tuesday,8,2022-08-09,False
FNKO,2022-08-09,1.0344976801782522,29,34.579841562849666,7.324937980465955,1.0201150047197745,Tuesday,8,2022-08-09,False
CGEM,2022-08-11,-5.243934085368148,18,35.38813117082243,6.188288241391567,0.7295146463165628,Thursday,8,2022-08-11,False
ASTH,2022-08-16,-9.624528151145816,10,33.37819750573719,5.834904956307067,0.9600291481336686,Tuesday,8,2022-08-16,False
AMN,2022-08-17,-4.149579636363641,6,39.96810977548766,4.982923360103269,0.5916399072281162,Wednesday,8,2022-08-17,False
JBIO,2022-08-22,-18.50628272251309,29,33.587788177847784,11.064307773314724,2.232498191675992,Monday,8,2022-08-22,False
HRMY,2022-08-22,-3.631599416246308,7,27.745970967034907,5.368783131713943,0.6268204711647036,Monday,8,2022-08-22,False
SVRA,2022-08-23,-8.31687458132394,29,24.24243306596364,4.560003948870641,3.178908363551159,Tuesday,8,2022-08-23,False
AXGN,2022-08-26,10.843295861188134,13,38.66666559474395,6.731781715682812,0.6917217374485976,Friday,8,2022-08-26,False
ULCC,2022-08-26,-12.977904400430855,26,33.25688619580694,4.5443783879956925,2.53270239127553,Friday,8,2022-08-26,False
TEVA,2022-08-29,-7.958186939247088,21,22.97295806111363,4.41485363885255,1.8475661058310329,Monday,8,2022-08-29,False
DSGN,2022-08-30,11.93435578643224,3,34.022399229285725,8.036738071499727,2.408011980757153,Tuesday,8,2022-08-30,False
GPRE,2022-08-30,8.202283378038437,10,29.60893672303871,4.78017866631507,2.1644697246875344,Tuesday,8,2022-08-30,False
REPL,2022-08-30,-9.239076214834885,16,37.35538030828128,5.738367122697394,1.408161566068877,Tuesday,8,2022-08-30,False
CMPS,2022-08-30,-19.219424321848937,22,33.26580842522861,9.42922556083851,1.9485926935396536,Tuesday,8,2022-08-30,False
AMLX,2022-08-30,5.362468626973329,1,35.614856368857616,7.480683571238678,2.97547246084795,Tuesday,8,2022-08-30,False
TRVI,2022-08-30,-19.85245619996581,21,15.42855869328497,10.5849092945889,2.0779762202235426,Tuesday,8,2022-08-30,False
DYN,2022-08-30,12.047402126929994,7,26.39592940881744,7.153988062784689,2.478582360676123,Tuesday,8,2022-08-30,False
RELY,2022-09-01,5.368116997687434,7,30.06329549478328,5.850891406329892,0.8243847415905461,Thursday,9,2022-09-01,False
NEXT,2022-09-01,-12.59527555095294,25,34.03755250394461,7.794340974152575,2.400964225057063,Thursday,9,2022-09-01,False
LAR,2022-09-02,7.120161395797006,6,36.19280206915247,5.771229248839946,0.5834403415536682,Friday,9,2022-09-02,False
ENPH,2022-09-02,3.793026454727314,4,33.16543685753763,5.224580471159165,5.5038707609612745,Friday,9,2022-09-02,False
BCRX,2022-09-06,-9.441851976721104,17,35.01484546696041,4.604030318747863,1.1638272273416406,Tuesday,9,2022-09-06,False
SNDX,2022-09-06,4.511687817542971,2,38.07642302129416,5.147318293664932,4.00424262921825,Tuesday,9,2022-09-06,False
IMNM,2022-09-13,-16.98320304870606,13,33.0739299975036,9.038378350871414,1.013972447834817,Tuesday,9,2022-09-13,False
GPRE,2022-09-14,-5.957245463162711,2,35.87347490811375,5.189099063473356,1.005091596620663,Wednesday,9,2022-09-14,False
EXTR,2022-09-15,7.149839517968118,20,36.542679198586455,4.318956422526797,3.0633006766693547,Thursday,9,2022-09-15,False
PAYO,2022-09-15,4.88390941899243,19,39.175255009544856,6.314577010730788,3.154290930080672,Thursday,9,2022-09-15,False
CLMT,2022-09-15,-21.75294069268853,11,34.615368627823415,4.703301650185493,3.411490571103215,Thursday,9,2022-09-15,False
ABCL,2022-09-16,-11.30000511390556,7,37.86666855980298,5.850063449061352,1.307995243970389,Friday,9,2022-09-16,False
STAA,2022-09-16,-14.372786461149708,7,27.354263144864746,5.232895671946169,2.384973866097363,Friday,9,2022-09-16,False
PAYS,2022-09-16,-18.95517353265005,28,33.093536692803895,7.660772668027627,2.903781218677922,Friday,9,2022-09-16,False
SHLS,2022-09-20,-7.861177212212679,28,37.220610059787575,7.726853942865714,2.731403894970315,Tuesday,9,2022-09-20,False
BFLY,2022-09-21,-15.539734830949786,22,31.785712606258897,9.107499652741868,1.575691332302422,Wednesday,9,2022-09-21,False
COGT,2022-09-21,-9.902282200720016,28,38.90470198283827,7.216872633942545,5.214950612495382,Wednesday,9,2022-09-21,False
GEO,2022-09-22,5.977516426669946,11,36.61973444640681,5.134129054350555,2.419947162911645,Thursday,9,2022-09-22,False
ASC,2022-09-23,7.595481315799629,20,39.28570290610901,6.16638695241753,3.640513127475538,Friday,9,2022-09-23,False
BLFS,2022-09-26,12.133647311274528,4,39.616060358294725,7.198543056156057,1.7619746243216512,Monday,9,2022-09-26,False
EVH,2022-09-26,8.514130156193787,8,37.487439252404506,4.240589716357762,2.0577175071732268,Monday,9,2022-09-26,False
FRO,2022-09-29,14.997160683908644,18,32.2404411579912,6.266167241577289,1.5036265278358087,Thursday,9,2022-09-29,False
PGEN,2022-09-29,-14.332193591703874,8,19.99999976666668,9.740410199866371,0.99459906538481,Thursday,9,2022-09-29,False
NAT,2022-09-29,16.262914098234877,18,38.461537320937175,9.552102164440516,0.8931895380475638,Thursday,9,2022-09-29,False
CMBT,2022-09-29,12.167333773730784,18,31.64363119973629,5.73085608665969,2.506980445744502,Thursday,9,2022-09-29,False
TK,2022-10-04,4.968737236399758,10,39.13043513679455,4.436646512866607,1.0326816979195432,Tuesday,10,2022-10-04,False
ENPH,2022-10-05,12.951587935361058,21,28.672629318662786,6.704824728532167,2.331403718986861,Wednesday,10,2022-10-05,False
TRMD,2022-10-05,7.962498310662496,8,29.31034571360874,5.260442253050495,5.02661917312768,Wednesday,10,2022-10-05,False
EVH,2022-10-07,-11.013465875692338,4,32.08696706863843,4.429251842552577,1.291581489559395,Friday,10,2022-10-07,False
TH,2022-10-10,9.43535441443131,8,30.081294815501398,6.744810076874631,3.302985915762541,Monday,10,2022-10-10,False
BLFS,2022-10-10,-12.389892861188471,9,36.36363504444767,7.463042295979419,1.3788523100715528,Monday,10,2022-10-10,False
ANNX,2022-10-14,9.659780649574758,28,36.01694851081152,7.55692351411765,2.6493721886136505,Friday,10,2022-10-14,False
TE,2022-10-18,16.97235400952273,24,35.51847144280438,9.606806845538832,1.569443525753868,Tuesday,10,2022-10-18,False
DYN,2022-10-19,-19.15368699033337,28,38.02816091840311,7.964075387234783,2.646862201339075,Wednesday,10,2022-10-19,False
SNDX,2022-10-19,7.990715167596066,13,36.6666666148148,5.809980009218296,1.7563742964372622,Wednesday,10,2022-10-19,False
ZVRA,2022-10-20,-15.906392869723817,21,30.051802116336773,5.527659347286387,0.9212982433553116,Thursday,10,2022-10-20,False
TH,2022-10-20,5.683575727753162,7,36.17022450363165,6.189723484491747,2.9786402963013936,Thursday,10,2022-10-20,False
AXGN,2022-11-02,6.835211519598137,6,36.36364563643302,5.027442902000607,1.964055187289976,Wednesday,11,2022-11-02,False
COGT,2022-11-02,-10.32166771552509,15,34.57250056679305,6.754115741237795,1.613026244998964,Wednesday,11,2022-11-02,False
PAYO,2022-11-04,-19.473784244317034,13,38.68613233244571,5.660845025003907,3.3256031128006827,Friday,11,2022-11-04,False
TH,2022-11-07,10.619391734170424,2,36.29242871590517,6.241325629634891,1.182138564746982,Monday,11,2022-11-07,False
AMLX,2022-11-07,8.784911069286409,3,32.76209017671913,6.220979123421284,5.603743444330047,Monday,11,2022-11-07,False
HLIT,2022-11-09,9.554312217939405,9,37.19165497870051,4.879203359097148,3.770130410670307,Wednesday,11,2022-11-09,False
URGN,2022-11-10,-14.455886445441935,7,24.825993134333245,9.340457779705137,1.1398865045072402,Thursday,11,2022-11-10,False
CCRN,2022-11-11,14.33061334959324,7,32.064009426919455,8.357650994977849,2.2958395851888698,Friday,11,2022-11-11,False
SNDX,2022-11-14,5.408704803655411,16,37.37864953149285,6.4094749473648,0.8841796030299067,Monday,11,2022-11-14,False
CLMT,2022-11-17,-17.67521904759574,18,33.333333245448856,5.820570428077645,2.509046144440468,Thursday,11,2022-11-17,False
ADEA,2022-11-18,8.430023602956432,12,29.166662714979907,6.260061383468226,3.6998696233130586,Friday,11,2022-11-18,False
AVTX,2022-11-21,6.360037773854234,29,14.893607810740107,6.906600623145233,1.2292122325270534,Monday,11,2022-11-21,False
MUR,2022-11-21,4.257958999876549,1,39.6103931994851,5.072562113840295,3.274403769351657,Monday,11,2022-11-21,False
WTTR,2022-11-21,3.637551808034208,29,33.80280957912679,6.520029389714843,0.8002533503378326,Monday,11,2022-11-21,False
LEGN,2022-11-23,4.264181674539922,7,34.994465888055615,4.268404387434239,1.451265977762652,Wednesday,11,2022-11-23,False
HLX,2022-11-23,6.327647689128855,27,39.63963977667164,5.166429672718406,5.884469040315595,Wednesday,11,2022-11-23,False
TRMD,2022-11-28,6.376343183116348,1,35.728154284442354,5.032384518448165,6.09556519658508,Monday,11,2022-11-28,False
XPRO,2022-11-28,6.40863368115614,4,33.39417345546124,5.087360919796099,3.87166310464976,Monday,11,2022-11-28,False
LBRT,2022-11-28,-8.566625952720642,10,30.409351206442597,4.887913659622605,1.5281740708739973,Monday,11,2022-11-28,False
TNGX,2022-11-28,9.114038595417046,1,37.24137107932264,7.427519960087817,3.2874840651428148,Monday,11,2022-11-28,False
PTEN,2022-11-28,7.032524549862945,3,36.09550667573671,5.369737486485926,1.5945258784634502,Monday,11,2022-11-28,False
SLB,2022-11-28,5.663213844138717,4,31.861646761284877,4.072137589146449,4.213441499721161,Monday,11,2022-11-28,False
FRO,2022-11-29,5.358581766851963,1,36.734691263862615,4.648915222981541,3.4622752577451825,Tuesday,11,2022-11-29,False
CMBT,2022-11-29,5.20213795879271,1,36.45224031134765,4.527933758968349,3.968397087445036,Tuesday,11,2022-11-29,False
BLMN,2022-12-01,-7.825262550739498,20,29.071805770619747,4.060447632409632,1.733533703920821,Thursday,12,2022-12-01,True
ABCL,2022-12-05,-12.278586055695856,4,18.6170309210208,6.691507701672158,1.687456842845372,Monday,12,2022-12-05,False
MUR,2022-12-05,-8.280474816920815,30,32.47040855373406,4.908744318858996,2.4915031466401154,Monday,12,2022-12-05,False
NOV,2022-12-05,-5.502353304380572,30,34.521867060030644,4.129752292551097,3.05231275904259,Monday,12,2022-12-05,False
TE,2022-12-05,-9.477618569350977,3,28.825131306398266,7.702193464285571,1.189384036449205,Monday,12,2022-12-05,False
PTEN,2022-12-05,-6.386323169655686,4,31.619938551279617,5.779333330632113,0.6832093905322776,Monday,12,2022-12-05,False
XPRO,2022-12-05,7.786013833987591,24,33.79074780866806,5.789559570609783,2.925012561225396,Monday,12,2022-12-05,False
APA,2022-12-06,6.4015541596157455,16,32.4745649836609,4.975675617642626,1.59554381109126,Tuesday,12,2022-12-06,False
VIR,2022-12-06,-3.3974300301982017,22,37.37225619351012,4.702400627131683,0.8515153864089521,Tuesday,12,2022-12-06,False
ZYME,2022-12-06,11.154207490562133,3,24.82757792240261,8.386033623691807,1.1978871607524306,Tuesday,12,2022-12-06,False
HP,2022-12-06,-5.215181627391618,3,36.43446140771484,5.659949675769487,0.75111812308803,Tuesday,12,2022-12-06,False
TK,2022-12-07,7.865994868290524,5,34.12698975481746,4.243533717327366,3.0097605738674926,Wednesday,12,2022-12-07,False
RIG,2022-12-07,11.504899716080509,6,32.76835736545496,6.613158995854473,0.5194281481058284,Wednesday,12,2022-12-07,False
CMBT,2022-12-07,10.335481872172302,5,35.7320085716416,5.548944345478934,2.263688484137343,Wednesday,12,2022-12-07,False
FRO,2022-12-07,11.323794274096215,5,35.26406043635083,5.726073878769616,1.772879895714596,Wednesday,12,2022-12-07,False
HAL,2022-12-07,6.014894523890409,7,37.74080283767207,4.828757656751337,1.404999302988618,Wednesday,12,2022-12-07,False
PENN,2022-12-08,9.896109078342542,5,30.46433428313132,4.35913457372785,0.5951727840454238,Thursday,12,2022-12-08,False
ZYME,2022-12-09,-10.770641342420952,3,31.578934004503765,10.251851445125686,0.5450411338402497,Friday,12,2022-12-09,False
NE,2022-12-09,8.685493766904347,14,27.82213510628617,4.317694052618784,1.4202231501221236,Friday,12,2022-12-09,False
CCRN,2022-12-09,-10.308535529680263,14,30.56256015922264,6.579413622502403,1.9094336579547,Friday,12,2022-12-09,False
SLB,2022-12-09,10.174964036916077,11,28.814667803727545,4.486232215031679,2.394096957799127,Friday,12,2022-12-09,False
NVRI,2022-12-13,-11.21616362026302,6,38.46153378850329,6.032251172706872,1.079460886065289,Tuesday,12,2022-12-13,False
PAYS,2022-12-13,-12.15714104631884,14,32.1428383608161,6.582082238742588,2.1277681848153738,Tuesday,12,2022-12-13,False
GTX,2022-12-13,3.977762230502932,1,35.91161575944193,4.21846665837732,0.8713122032359072,Tuesday,12,2022-12-13,False
ULCC,2022-12-13,-6.909088391237352,3,35.57048702886301,4.105396593516863,1.43509142106113,Tuesday,12,2022-12-13,False
WNC,2022-12-14,4.454481064359586,27,36.190488796866816,4.113511950897201,6.271084151352544,Wednesday,12,2022-12-14,False
CRSR,2022-12-15,-6.0532548704412426,4,38.144332279802526,5.520264692179687,0.6909323462421031,Thursday,12,2022-12-15,False
M,2022-12-15,8.0369926575252,28,25.77696564533292,4.328245846103439,1.7027317283384662,Thursday,12,2022-12-15,False
EVC,2022-12-15,-5.44766513525245,4,27.906993633915548,4.246136840379567,0.974716306984622,Thursday,12,2022-12-15,False
HBM,2022-12-15,6.433828259373921,12,37.42689506008615,5.051461396321287,2.096821462923718,Thursday,12,2022-12-15,False
ADEA,2022-12-16,6.822924875687376,20,39.4984329908359,5.481111415032661,3.104534560392486,Friday,12,2022-12-16,False
AMLX,2022-12-19,10.896167678531985,10,36.80849770763931,6.491131723777999,3.1786769027077715,Monday,12,2022-12-19,False
FDMT,2022-12-20,11.5111685828703,14,38.70541110446506,10.117074671799909,4.748217638817963,Tuesday,12,2022-12-20,False
FRO,2022-12-22,-14.05709166856248,13,35.9331449723699,5.4361190881308605,1.4384070519496972,Thursday,12,2022-12-22,False
WEST,2022-12-22,12.634668154677128,6,38.68312351392348,8.256331950073465,1.056100486094452,Thursday,12,2022-12-22,False
ENPH,2022-12-22,-11.357568649490691,7,34.16090040667429,5.899674569504393,2.0123946913987454,Thursday,12,2022-12-22,False
CMBT,2022-12-22,-12.10397672143498,13,32.508074871821606,5.181902384957301,1.4629013601659246,Thursday,12,2022-12-22,False
AGIO,2022-12-23,7.699968880157752,13,38.07063755218064,5.601819673577676,0.6120842309025851,Friday,12,2022-12-23,False
HRMY,2022-12-28,-16.890044232844605,12,24.979039920446624,4.016964283809872,1.4781279953631588,Wednesday,12,2022-12-28,False
MGNI,2023-01-03,9.910723037812735,8,34.95936021016382,7.492417001361011,1.454934530422525,Tuesday,1,2023-01-03,False
TRMD,2023-01-03,-3.927068220990689,29,38.72598740797862,5.445557034428957,4.130353473195756,Tuesday,1,2023-01-03,False
ASC,2023-01-04,10.093184181712736,13,28.124998055322905,5.810441878979557,3.3478878864494748,Wednesday,1,2023-01-04,False
APA,2023-01-04,5.789256061657813,8,39.97820881471313,5.056432489124319,0.6882236122570006,Wednesday,1,2023-01-04,False
NAT,2023-01-05,9.139963535430631,12,27.835055198956283,6.136708698604842,0.5271819597422062,Thursday,1,2023-01-05,False
JBIO,2023-01-12,12.438543205991582,27,38.068181012700464,10.269139184445912,1.621672323158538,Thursday,1,2023-01-12,False
MGNI,2023-01-17,9.138704756879244,6,36.61327389183171,7.081391525848423,1.060524864106022,Tuesday,1,2023-01-17,True
ASC,2023-01-23,6.226545389241667,1,38.7045787263151,5.4554216756558365,2.67160417338202,Monday,1,2023-01-23,True
EXTR,2023-01-25,13.846545916470596,8,34.84042566942213,6.181822894878102,1.2897376032208556,Wednesday,1,2023-01-25,True
TNGX,2023-01-26,-15.973682744351157,19,35.15625984855727,7.32764572020776,2.066728113647371,Thursday,1,2023-01-26,True
CLMT,2023-01-30,2.7724897114333493,3,38.554183426449534,4.491865214863693,1.3455807686578227,Monday,1,2023-01-30,True
HLIT,2023-01-31,9.611741773165114,2,24.38356713384012,4.184199356852566,1.0944986902460876,Tuesday,1,2023-01-31,True
CLYM,2023-02-01,12.207350499425443,1,33.29282892174909,10.88079331948787,0.7901026845015469,Wednesday,2,2023-02-01,True
APA,2023-02-02,-5.435555211348275,14,34.1126507230926,4.158961165840397,0.9151204667745502,Thursday,2,2023-02-02,True
SKE,2023-02-02,-12.072662568889411,19,34.0707919546349,5.780763305080725,1.8519354493500104,Thursday,2,2023-02-02,True
HAL,2023-02-02,0.6549481498966253,29,31.33404310291576,4.0098241427760986,3.4631842505526107,Thursday,2,2023-02-02,True
TGB,2023-02-02,6.732455251902586,1,35.84906669077854,5.974462979581962,3.991398701555706,Thursday,2,2023-02-02,True
TH,2023-02-02,-2.4041541583294896,29,20.341214960964365,5.613433745946465,2.2258953418235534,Thursday,2,2023-02-02,True
GPRK,2023-02-03,-6.176924178884032,3,33.22784556643052,4.201819045139876,0.8847295851608524,Friday,2,2023-02-03,True
HBM,2023-02-03,-14.864215452359243,21,19.491521767904203,4.633789642089976,3.3145695520751226,Friday,2,2023-02-03,True
TGB,2023-02-03,4.647214852799814,26,35.84906669077854,6.05038976454828,4.199446277007068,Friday,2,2023-02-03,True
CLYM,2023-02-06,-17.711887578069806,7,31.81818548901208,11.743998370947589,0.5136543364896689,Monday,2,2023-02-06,True
NEXA,2023-02-06,-11.058699993832214,18,25.000006428291428,5.730613259913006,1.710330557269549,Monday,2,2023-02-06,True
EFXT,2023-02-06,5.601828830162999,24,39.999995192025786,4.230799358522957,4.694844648287141,Monday,2,2023-02-06,True
CLDX,2023-02-08,7.920119009274298,19,29.644271862497877,4.760201625968997,3.4064191664850405,Wednesday,2,2023-02-08,True
AMLX,2023-02-09,11.205468599756603,5,38.12317441559823,6.313527970297176,0.9168071341082716,Thursday,2,2023-02-09,True
UAA,2023-02-09,-15.815083214189418,28,39.7758996574217,4.909078096938465,3.202413651872638,Thursday,2,2023-02-09,True
UA,2023-02-09,-15.169403040544063,28,38.15789745053512,4.8830127921276345,3.080184350969534,Thursday,2,2023-02-09,True
REPL,2023-02-10,-20.75704373971922,14,39.681276757395366,6.041674386206308,2.43510772547594,Friday,2,2023-02-10,True
TXG,2023-02-10,6.581761857632321,5,39.357440478050414,6.322199219424288,2.491430014018533,Friday,2,2023-02-10,True
M,2023-02-10,-11.546109436067788,28,36.286921591700384,4.048680436968946,2.569111186226091,Friday,2,2023-02-10,True
WEST,2023-02-13,-7.229390616318342,8,34.90194709972114,4.026060103190001,1.0538404151863014,Monday,2,2023-02-13,True
ANNX,2023-02-13,-13.45687460583721,9,37.90613345023095,7.856698409319216,1.2739385244290733,Monday,2,2023-02-13,True
ZYME,2023-02-13,-5.239796027027045,29,31.09243813879613,6.735165741961244,3.121514451466048,Monday,2,2023-02-13,True
MAMA,2023-02-14,7.20971298189204,1,31.66666062958632,6.272974223373364,3.641097860845795,Tuesday,2,2023-02-14,True
GEO,2023-02-14,-9.381618933092843,8,35.555555883131134,6.489198462776584,1.2746921426975957,Tuesday,2,2023-02-14,True
FDMT,2023-02-15,12.104958047622585,2,38.94472348938953,7.1372954719403845,3.205036233776778,Wednesday,2,2023-02-15,True
DYN,2023-02-16,5.297917052798498,5,20.68346837297609,4.967098462861216,1.6808169604406764,Thursday,2,2023-02-16,True
POET,2023-02-16,16.95885743234042,14,25.991186120733843,8.443598150493502,1.4136667454492884,Thursday,2,2023-02-16,True
NOV,2023-02-17,-6.976784997096727,21,34.101399292287766,4.161014781888032,1.8392092098836497,Friday,2,2023-02-17,True
NVCR,2023-02-17,-7.803902659583227,6,35.19249349295373,4.953594099332608,1.1521927206924991,Friday,2,2023-02-17,True
PACK,2023-02-21,-17.737301968709613,14,35.71429016425802,7.575362157595096,1.8479587111156617,Tuesday,2,2023-02-21,True
ADEA,2023-02-21,7.248337468888471,2,39.509546334395885,4.222131870988481,2.439090766704523,Tuesday,2,2023-02-21,True
HPK,2023-02-21,6.713372827526568,8,33.33333324393358,4.413765244657128,2.092965170680157,Tuesday,2,2023-02-21,True
TEO,2023-02-21,-13.373631167334036,17,33.09859162261314,6.136303089785688,2.254044815853471,Tuesday,2,2023-02-21,True
RAMP,2023-02-21,-12.03845557574728,17,35.98759094387485,4.109104162080705,2.0136810618700958,Tuesday,2,2023-02-21,True
RELY,2023-02-22,19.60850210094868,1,38.066460308311214,5.12016408496977,1.2346477938027247,Wednesday,2,2023-02-22,True
RIG,2023-02-22,14.932394866199086,6,31.02189676251787,7.17573391865797,4.2712257240074525,Wednesday,2,2023-02-22,True
GTX,2023-02-23,-7.576032520789208,18,34.13458131859086,4.110088237227889,1.742205752130075,Thursday,2,2023-02-23,True
FDMT,2023-02-23,-7.872398946634343,28,28.075709864386383,7.849558518322923,2.90302009772516,Thursday,2,2023-02-23,True
ADEA,2023-02-24,-9.79823099020848,11,37.68843148236539,4.518125983362705,2.16546166461638,Friday,2,2023-02-24,True
TBLA,2023-02-24,-21.088183852227296,24,27.47746738701842,8.672460763595492,2.2901936484982137,Friday,2,2023-02-24,True
MGNI,2023-02-24,-15.792379268471246,13,33.58548700023373,8.31920471185261,1.8759213618133372,Friday,2,2023-02-24,True
IMNM,2023-02-24,-10.026229668221012,3,37.58389419734919,7.845625258158413,0.871949104504122,Friday,2,2023-02-24,True
DMRA,2023-02-24,-14.087443946188335,13,32.3529411631488,11.502056066363416,1.1353010182512682,Friday,2,2023-02-24,True
LILAK,2023-02-24,-9.796864047469532,20,33.84145759116099,4.515551142078453,2.304962439737817,Friday,2,2023-02-24,True
CZR,2023-02-24,5.535816013173848,7,36.20689396294062,4.743876008887948,1.735400613514242,Friday,2,2023-02-24,True
LILA,2023-02-24,-10.109339892643462,24,34.638565464226815,4.4205843933440025,2.4199997641021067,Friday,2,2023-02-24,True
PRCH,2023-02-27,-22.649442913128485,2,31.018520617034383,11.198839736188118,1.4547835069542472,Monday,2,2023-02-27,True
IMVT,2023-02-27,-9.46608916572903,28,37.11111269107533,5.106840889535662,6.476261481411064,Monday,2,2023-02-27,True
CRNC,2023-03-01,4.992491423867438,5,26.503322698676484,4.3923534155598,5.294542145117651,Wednesday,3,2023-03-01,True
STTK,2023-03-03,-25.7558088008617,6,34.91620158833551,7.220496969468843,2.7491358165581583,Friday,3,2023-03-03,True
NVRI,2023-03-06,-10.428190846412022,17,34.14633439988009,6.373811730980099,1.6902381667499684,Monday,3,2023-03-06,True
MAMA,2023-03-07,-14.73090987828154,2,37.30158902564614,6.238696221733819,2.032734764164659,Tuesday,3,2023-03-07,True
EXTR,2023-03-07,6.325586591024779,24,29.042861774796805,4.053720192696883,1.1740190072982828,Tuesday,3,2023-03-07,True
CGAU,2023-03-07,7.1192418627857785,6,32.55813088847755,4.431073452230978,2.4375358008618,Tuesday,3,2023-03-07,True
NEXT,2023-03-08,-6.26373423398392,1,38.235294457713024,5.57765434904804,0.6966526682578404,Wednesday,3,2023-03-08,True
LTH,2023-03-08,4.963597765914198,1,32.89475090780108,5.058016067100862,4.266588057464969,Wednesday,3,2023-03-08,True
LTH,2023-03-09,-6.967979416539086,28,35.140576762713366,5.262567050564879,3.906715765177375,Thursday,3,2023-03-09,False
ACHV,2023-03-10,15.358748104330669,17,27.983533846001976,8.475978833268107,1.8354291168464896,Friday,3,2023-03-10,False
MAMA,2023-03-10,18.612343386856768,7,30.43478045544478,9.22830124962524,0.6819316870607905,Friday,3,2023-03-10,False
SVRA,2023-03-10,-19.138382794268143,25,22.41379035236342,8.345637963950985,2.2628194964062778,Friday,3,2023-03-10,False
CLMT,2023-03-10,-7.808283682096365,5,29.79941663584556,4.041071186698632,1.888265417670529,Friday,3,2023-03-10,False
PBI,2023-03-10,-8.696653408218069,13,37.41935648548274,4.959835309003844,1.6566069458127768,Friday,3,2023-03-10,False
CRNC,2023-03-10,8.034054763977323,21,27.13310551504988,4.387167207332357,4.552702280033686,Friday,3,2023-03-10,False
EVC,2023-03-10,-3.2614449458412973,31,16.666666481481514,4.644862155339107,2.894398846224792,Friday,3,2023-03-10,False
BZH,2023-03-13,8.542165923662163,9,36.411603587997526,4.011056334774152,0.5785073035793704,Monday,3,2023-03-13,False
CRSR,2023-03-13,8.315912242662543,9,27.652738713317987,4.089807624711234,1.3510878334710914,Monday,3,2023-03-13,False
HLX,2023-03-13,8.201574972428356,21,33.21299342547407,5.361760718424228,3.599408959808544,Monday,3,2023-03-13,False
WNC,2023-03-13,-8.548761051522131,23,32.97101376930654,4.131007121765724,2.564598986607151,Monday,3,2023-03-13,False
ASC,2023-03-13,-12.377017929193066,29,34.122292845732574,5.4206003088172,3.717149201928628,Monday,3,2023-03-13,False
YPF,2023-03-13,17.7436956304586,18,38.44961204456236,6.981735775248497,2.246021497675027,Monday,3,2023-03-13,False
LPTH,2023-03-14,-10.380896841067823,29,39.72602685909037,6.611610004479071,1.9813313527739629,Tuesday,3,2023-03-14,False
WBD,2023-03-14,7.2800561463019235,7,35.6394068576238,4.836482489213403,2.0955792554564705,Tuesday,3,2023-03-14,False
SXC,2023-03-15,2.617388541698656,29,39.66007058205636,4.233381473250965,1.5546153176376325,Wednesday,3,2023-03-15,False
CSTM,2023-03-15,10.405822623520244,19,28.951753383835182,5.499850451086132,1.2098817932248322,Wednesday,3,2023-03-15,False
RIG,2023-03-15,18.28664604182155,14,38.56209244718047,8.69158071330372,2.411518855862151,Wednesday,3,2023-03-15,False
HGV,2023-03-15,-3.3799087237976684,9,35.367769049668595,4.024628316413667,0.6989960102416952,Wednesday,3,2023-03-15,False
BBAR,2023-03-15,18.61068694579436,29,34.642861196706306,7.199998521817859,1.22396614666513,Wednesday,3,2023-03-15,False
XPRO,2023-03-15,4.455429779296541,29,37.4319948738707,6.399686916152866,1.0460579167663009,Wednesday,3,2023-03-15,False
FRO,2023-03-15,-3.231020327612826,29,35.93749014249913,5.314633795518649,3.0145164102872872,Wednesday,3,2023-03-15,False
LPG,2023-03-15,8.661213841312767,6,34.339076138284454,4.485634109753816,2.428267280346413,Wednesday,3,2023-03-15,False
AVNT,2023-03-16,7.626061508767504,18,33.27814440201746,4.185038365870771,0.8636056881684842,Thursday,3,2023-03-16,True
PANL,2023-03-16,-9.250174244944112,4,35.63218707684537,5.633730395440222,1.2618942237255248,Thursday,3,2023-03-16,True
CLMT,2023-03-20,-3.9762879847516928,4,35.33618582668865,4.741526627641502,0.7890916827957742,Monday,3,2023-03-20,True
SKYT,2023-03-20,-12.20632580070586,23,33.91052875840141,9.928503887686276,0.6454091719546426,Monday,3,2023-03-20,True
CLDX,2023-03-21,-7.35213294341685,1,23.206450443250944,5.666024924343812,0.6310522302165369,Tuesday,3,2023-03-21,True
VCEL,2023-03-23,4.311279150706167,14,37.1951148067271,5.002131010822664,1.864066918168304,Thursday,3,2023-03-23,True
TRMD,2023-03-30,17.760463037449604,18,38.80090837592053,6.588938998493705,0.6734852875951239,Thursday,3,2023-03-30,True
LPG,2023-03-30,7.681451609530557,14,39.92974517393042,4.89366273875514,1.3022869307847404,Thursday,3,2023-03-30,True
NAT,2023-04-03,-2.496549521388408,29,33.149157914786386,6.742498203938179,0.5816028808335858,Monday,4,2023-04-03,True
NEO,2023-04-04,-9.16455397531972,29,31.113796843274315,6.491093158852515,3.965639809457424,Tuesday,4,2023-04-04,True
NEOG,2023-04-06,-6.0970788583287066,8,38.640139137277295,4.091785443086119,0.9038658382096108,Thursday,4,2023-04-06,True
IMVT,2023-04-06,6.814400330655422,7,39.51120594719228,5.582663305941685,1.1311224758083227,Thursday,4,2023-04-06,True
TYRA,2023-04-12,10.880405582636255,1,34.53237118774618,8.351019201408448,3.7412243090745583,Wednesday,4,2023-04-12,True
MLTX,2023-04-13,9.560849564067604,4,38.7838949718905,10.613150923380797,3.2908434946290006,Thursday,4,2023-04-13,True
POET,2023-04-18,-6.310904777584953,6,38.46157940357994,4.585159328979053,1.066499662875965,Tuesday,4,2023-04-18,True
WBD,2023-04-20,-7.567892336995821,5,39.717731356894966,4.616440254597789,1.5230547391994351,Thursday,4,2023-04-20,True
TYRA,2023-04-24,14.693895047268892,28,28.07244415458686,9.238757116245797,2.338983741719884,Monday,4,2023-04-24,True
NVTS,2023-04-24,6.392778334992761,22,29.5336726536238,6.304364766567216,3.190796107764564,Monday,4,2023-04-24,True
HLX,2023-04-25,-6.019418502048811,7,29.629644635840776,4.897451934249064,1.1235523382924633,Tuesday,4,2023-04-25,True
RIG,2023-04-25,10.11335736866142,28,31.707310048723315,6.138018461987587,2.09657613815176,Tuesday,4,2023-04-25,True
FSLY,2023-04-25,-3.405350897005273,28,35.50212155135503,6.413850529385467,3.942351144877815,Tuesday,4,2023-04-25,True
OSCR,2023-04-25,9.209991266524954,2,35.52123618223426,7.332873640565937,4.2309253551894805,Tuesday,4,2023-04-25,True
ZETA,2023-04-25,-13.671993198046795,10,34.402329383962694,4.614654950308393,1.7571365367970608,Tuesday,4,2023-04-25,True
ZYME,2023-04-27,15.23267087078117,12,37.46555395471472,5.769293017169754,1.070102915388978,Thursday,4,2023-04-27,True
ASTH,2023-04-28,-3.971936007677116,6,39.08339422602861,4.995991728856708,0.6092618264982701,Friday,4,2023-04-28,True
TK,2023-05-02,8.146546720083009,9,39.04761986856483,4.117248763716376,2.419228154019601,Tuesday,5,2023-05-02,True
YPF,2023-05-03,10.147461327024365,5,13.807497240649312,4.620992747981701,2.051963400974416,Wednesday,5,2023-05-03,True
PAYS,2023-05-04,-6.780240545792961,19,35.185175735238246,5.479710529359067,1.659542046795277,Thursday,5,2023-05-04,True
EVC,2023-05-04,7.288246434971995,1,38.69048093647413,4.033065242315152,1.0912064869190603,Thursday,5,2023-05-04,True
CRNC,2023-05-09,11.41707486822737,14,25.9970338345167,4.066593102453717,1.0837344505548707,Tuesday,5,2023-05-09,True
BKD,2023-05-11,6.715158081739799,28,31.896560552733177,5.558334538263958,2.1053360747938163,Thursday,5,2023-05-11,True
LIND,2023-05-12,-5.0241404722031255,12,32.99663597643598,6.484550950839576,0.6393975936911824,Friday,5,2023-05-12,True
TRVI,2023-05-16,-19.63579817022549,14,17.07315729977921,8.994520609913561,1.4614746232831977,Tuesday,5,2023-05-16,True
SKE,2023-05-16,-6.803556954601142,1,39.902770688547946,5.490389147800255,0.6371279741347938,Tuesday,5,2023-05-16,True
ACHV,2023-05-18,16.678209791607486,4,38.24701127787186,9.034079705171733,3.956837735244069,Thursday,5,2023-05-18,True
WULF,2023-05-24,9.329935426993568,6,33.33333782945553,10.151730535315776,3.3936828334093305,Wednesday,5,2023-05-24,True
URGN,2023-05-25,-11.217003487506824,5,36.96144137148428,9.05848500836406,1.0460922152211862,Thursday,5,2023-05-25,True
LEGN,2023-05-26,7.883147701353395,11,34.6805059471009,4.648170609436456,3.4070683314004766,Friday,5,2023-05-26,True
MAMA,2023-05-26,8.051239017655034,6,27.5510393779996,6.205075051996581,4.243066770110285,Friday,5,2023-05-26,True
LFST,2023-05-26,4.102653696836957,6,29.99999654108456,4.445443019647951,4.673159144042773,Friday,5,2023-05-26,True
NVRI,2023-06-01,6.298804246699201,1,30.20834294369574,4.086300464695305,3.388136920297205,Thursday,6,2023-06-01,True
WULF,2023-06-05,9.824934201888356,15,37.70491204152622,9.83184467489615,3.003891740805707,Monday,6,2023-06-05,True
CLSK,2023-06-05,10.439856934866468,15,34.5454602368235,10.12805415528002,2.3557185464302366,Monday,6,2023-06-05,True
NVRI,2023-06-05,7.603198339739649,2,34.265722205634546,4.75188745520112,2.5457852381963773,Monday,6,2023-06-05,True
NEO,2023-06-06,-8.92620921017269,30,36.91684140217995,5.559807330857504,3.1343726435607326,Tuesday,6,2023-06-06,True
RIOT,2023-06-12,8.98514363043332,8,32.74647069310154,9.585480556190795,2.798014229306889,Monday,6,2023-06-12,True
IMVT,2023-06-16,9.297709472734402,31,36.5921982722052,4.42389143795448,3.354112296759752,Friday,6,2023-06-16,True
ALOY,2023-06-21,-12.08520572802572,19,35.129306943530764,10.999311508301744,1.1255695730081194,Wednesday,6,2023-06-21,True
FNKO,2023-06-22,-7.0959147399587446,1,35.09615593235564,4.357921708560325,1.0908552963082063,Thursday,6,2023-06-22,True
DNLI,2023-06-23,-1.9962671367063085,31,36.842102162770935,5.140853893616231,0.5494815439396147,Friday,6,2023-06-23,True
FSLY,2023-06-26,8.269214025921153,14,39.14591510557707,6.25682393492068,2.407519945158492,Monday,6,2023-06-26,True
LTH,2023-06-26,6.624798120127866,7,37.201366431885134,4.717830220836699,1.8213441759253068,Monday,6,2023-06-26,True
ACHV,2023-06-26,-10.082189205727362,3,33.33333315855178,8.524437862774969,0.6737575069667657,Monday,6,2023-06-26,True
GBTG,2023-07-03,-6.224828863614807,23,35.932203602856674,5.440765716255261,1.2277239787667702,Monday,7,2023-07-03,True
STGW,2023-07-05,5.334431287432211,6,24.516133177280395,4.104705108993036,1.0897542257377804,Wednesday,7,2023-07-05,True
OSCR,2023-07-05,9.569542180697246,13,23.999979942799683,5.620708909454943,6.023931041540644,Wednesday,7,2023-07-05,True
TXG,2023-07-06,5.169363626844398,4,33.865387550463566,4.074737320046237,2.191126157900801,Thursday,7,2023-07-06,True
AURA,2023-07-07,6.03193775918026,6,34.39491804025488,4.482324558145253,1.6495481593745076,Friday,7,2023-07-07,True
CGNT,2023-07-11,7.841190606796032,21,38.34951351591568,5.356710543159031,4.54423925490438,Tuesday,7,2023-07-11,True
BBAR,2023-07-14,6.646975950238254,3,38.38862887213416,5.287017324372003,3.566624425059492,Friday,7,2023-07-14,True
TYRA,2023-07-14,10.199987561464557,3,31.96005040195693,9.232433686294296,1.442751620059267,Friday,7,2023-07-14,True
BKD,2023-07-17,10.80268198163068,22,37.32393501720626,5.315702865917553,1.550674466498796,Monday,7,2023-07-17,True
DMRA,2023-07-17,9.68188311688311,8,38.70967739604578,8.30884459337687,1.1882190343310963,Monday,7,2023-07-17,True
NEXT,2023-07-18,-8.954928865819289,7,27.977835018893472,8.626062325541882,0.7902678065310766,Tuesday,7,2023-07-18,True
CRNC,2023-07-19,-3.1349107454206,1,36.22974136575523,4.41824439825503,0.5328297200747828,Wednesday,7,2023-07-19,True
AURA,2023-07-19,3.795148989794541,5,35.6223152745322,4.0047844540813164,2.052790519629545,Wednesday,7,2023-07-19,True
ABEO,2023-07-24,-12.9649947806198,11,21.13819884945731,7.123584660585842,1.8808151585618056,Monday,7,2023-07-24,True
AURA,2023-07-24,3.482793859224372,3,37.5912427162849,4.38438727596543,1.7415560918722848,Monday,7,2023-07-24,True
JBLU,2023-07-25,-9.708248592876563,7,32.77909969946816,4.696374650874106,0.7173336531311222,Tuesday,7,2023-07-25,True
BHVN,2023-07-27,1.969379029623437,28,35.69536377032526,8.82188557159404,0.6946089224272884,Thursday,7,2023-07-27,True
CRVS,2023-07-27,-2.7555843838720784,28,38.35979351533077,11.878992440561094,2.422621110917629,Thursday,7,2023-07-27,True
DRTS,2023-07-28,-6.199217327191965,20,37.2881200827014,5.714511273990027,1.137926914914719,Friday,7,2023-07-28,True
RNECY,2023-08-02,-9.291775594156356,28,35.907321780815465,4.0249563871278005,5.396883731848485,Wednesday,8,2023-08-02,True
AURA,2023-08-02,4.781736948524128,6,32.23684856119482,4.482430883385715,1.1247456736960948,Wednesday,8,2023-08-02,True
NVRI,2023-08-02,-6.429061289394607,1,30.96232605220358,5.2496664048058905,0.9874016863978312,Wednesday,8,2023-08-02,True
BBAR,2023-08-02,-7.063352533006416,19,35.92592547800443,5.743083487547559,1.505516391069792,Wednesday,8,2023-08-02,True
OSCR,2023-08-03,9.705816358287416,6,29.834263373645516,5.537332862178654,2.88169919502466,Thursday,8,2023-08-03,True
CLSK,2023-08-03,14.53979092641311,8,25.524474874867465,8.468654861955951,3.6964118692846064,Thursday,8,2023-08-03,True
FIVN,2023-08-04,-13.372663232925388,4,34.39368683284326,4.011868845307231,2.717499508602885,Friday,8,2023-08-04,True
ATAI,2023-08-04,-7.599999299881949,3,27.777763440276573,6.691473291286648,0.5274025270321603,Friday,8,2023-08-04,True
MAMA,2023-08-04,5.168189297225615,4,39.47368756192333,6.678876685344094,4.733916077296451,Friday,8,2023-08-04,True
YPF,2023-08-04,5.622177200893307,10,33.88429261324593,4.369142538798395,3.2730451448280835,Friday,8,2023-08-04,True
RIOT,2023-08-07,-34.418200103314724,14,36.27450528053486,8.221412290155872,4.529013158898939,Monday,8,2023-08-07,True
LPTH,2023-08-07,5.082068347960679,24,38.02817393973884,6.995312258244935,1.785541689856316,Monday,8,2023-08-07,True
NVTS,2023-08-07,7.394110102923294,8,36.28691980894037,5.952936518510971,3.8056064557943152,Monday,8,2023-08-07,True
MGNI,2023-08-08,-43.70824196418472,2,38.88888741347601,4.043771667671291,4.633811589352875,Tuesday,8,2023-08-08,True
TXG,2023-08-08,-4.420868786732737,2,30.73424123145196,4.354447624094167,1.0175656013595626,Tuesday,8,2023-08-08,True
VCEL,2023-08-08,-3.032525673901764,2,19.1976852131547,4.552267974081546,0.5915031759096219,Tuesday,8,2023-08-08,True
LFST,2023-08-09,-5.653604350363832,27,30.97015373922487,4.496444771949784,2.0636662765608453,Wednesday,8,2023-08-09,True
ADEA,2023-08-09,-4.066776163991989,15,30.901296681615374,4.244429244799544,0.6889931353344081,Wednesday,8,2023-08-09,True
SG,2023-08-09,2.5000062068943825,29,39.08205029516469,6.00380891128147,4.369679204533422,Wednesday,8,2023-08-09,True
EFXT,2023-08-10,-9.512709811719365,1,36.1607152001049,4.649910582469197,1.5819511747850483,Thursday,8,2023-08-10,True
WRBY,2023-08-10,-7.827648263132104,5,38.59153771689016,5.901691176749463,0.9144139330697928,Thursday,8,2023-08-10,True
FLYW,2023-08-11,7.950511941603142,19,39.48862989747487,4.989363919471749,1.043224137716488,Friday,8,2023-08-11,True
LPG,2023-08-14,10.164324789354025,22,36.99896550882141,4.128134842519346,2.070720339858287,Monday,8,2023-08-14,True
OSCR,2023-08-14,10.034710893770775,2,35.616438756431506,7.207075825704957,1.455635446644158,Monday,8,2023-08-14,True
AIP,2023-08-14,6.569345552368891,18,38.69565563408659,6.28413887773763,2.32845521728834,Monday,8,2023-08-14,True
LEGN,2023-08-15,-2.542688224977693,29,26.700964754724534,4.273424423229637,2.282162103057005,Tuesday,8,2023-08-15,True
SLG,2023-08-15,11.051536941905232,9,31.58757467344813,5.768408979239496,1.274734394610451,Tuesday,8,2023-08-15,True
PRG,2023-08-16,0.7279526503619166,29,8.600919975954497,4.186335904347439,3.925504486276624,Wednesday,8,2023-08-16,True
NVTS,2023-08-16,-6.254545454545449,28,35.85270967831411,7.617017657019273,1.26606457994527,Wednesday,8,2023-08-16,True
MAMA,2023-08-17,11.67284902028534,4,38.62069041625969,7.340331367033139,3.076843066075944,Thursday,8,2023-08-17,True
IMNM,2023-08-17,2.704235496521005,1,38.88888606635947,6.127041469598105,2.8892993930283524,Thursday,8,2023-08-17,True
IMVT,2023-08-17,10.909348507059123,12,31.056688780297392,5.784978596392143,0.7790386196757716,Thursday,8,2023-08-17,True
RIG,2023-08-17,4.019380675620772,15,38.63636733129752,4.6856333118706806,3.366795991764897,Thursday,8,2023-08-17,True
BZH,2023-08-21,-10.048795350921832,29,17.819725627675865,5.550930325318316,4.775013857297648,Monday,8,2023-08-21,True
CLSK,2023-08-21,-15.708668851401198,21,39.57345888817832,10.916542526394956,1.6754069398949447,Monday,8,2023-08-21,True
CGNT,2023-08-22,9.126759200112613,21,24.761921731957088,4.4948151432430565,1.829371386265736,Tuesday,8,2023-08-22,True
UNIT,2023-08-22,7.06906198730838,8,38.9380552002068,5.138498198598911,1.6783616666606982,Tuesday,8,2023-08-22,True
CVI,2023-08-23,10.344486346254053,15,26.038156351402364,4.127454417398932,1.457316554820849,Wednesday,8,2023-08-23,True
EOLS,2023-08-23,5.449821548205074,5,36.94266609578208,5.214826285791889,0.8500076978696158,Wednesday,8,2023-08-23,True
DFTX,2023-08-24,11.12286547021301,7,37.03703395941256,7.073048014591382,0.7922502528242737,Thursday,8,2023-08-24,True
CNK,2023-08-24,7.8006709394271425,26,36.92022247295896,4.175799322887046,1.1790545636481844,Thursday,8,2023-08-24,True
EXTR,2023-08-25,-3.5352947437383144,31,23.541053136759103,5.7698216832481695,2.530389030240086,Friday,8,2023-08-25,True
IMNM,2023-08-25,13.376661308215647,14,29.22754705696235,6.7563868205187765,0.9570092493818436,Friday,8,2023-08-25,True
URGN,2023-08-28,-15.720574390506664,29,37.52436466298382,8.929176222689298,3.96711301015033,Monday,8,2023-08-28,True
ALTO,2023-08-28,12.156051367002874,14,19.48052613950865,6.369495207135636,3.615245996660528,Monday,8,2023-08-28,True
MLTX,2023-09-05,23.06383826378548,7,36.55814711983912,6.852027627595386,5.008909753787888,Tuesday,9,2023-09-05,True
YPF,2023-09-06,-10.583077534569984,5,31.0457506771545,4.545397729513937,1.4040763682484974,Wednesday,9,2023-09-06,True
UNIT,2023-09-08,10.491608724287142,6,36.09467457722207,5.205361566627209,1.0484802507932076,Friday,9,2023-09-08,True
SG,2023-09-13,-14.97671210613382,20,30.91976566598588,5.685660376942402,2.7213824269752624,Wednesday,9,2023-09-13,True
PGEN,2023-09-13,-15.93767212677858,26,39.4230791477742,8.56274578858251,1.5214044881285282,Wednesday,9,2023-09-13,True
MRAM,2023-09-15,5.31486961777714,12,39.74357378312945,4.191871889461374,3.1045666280915305,Friday,9,2023-09-15,True
ABEO,2023-09-18,10.94687833266291,8,39.89636534280493,7.969195066825361,0.9981671343060172,Monday,9,2023-09-18,True
ILPT,2023-09-18,-13.181357148610743,3,28.57141521530893,5.930374002703346,1.7813427785902385,Monday,9,2023-09-18,True
TDAY,2023-09-18,-8.03529613224284,9,37.09678152765635,6.477647955876396,1.0215114678637056,Monday,9,2023-09-18,True
FSLY,2023-09-19,-20.098780566521302,16,23.11320141346208,5.282391702693651,2.725345523728896,Tuesday,9,2023-09-19,True
BZH,2023-09-20,-7.213996890439047,22,27.158943887832763,4.803472103931543,2.216596351359101,Wednesday,9,2023-09-20,True
AUR,2023-09-21,-21.71131066436729,12,39.8104241876137,10.44965954504239,1.9436249628711977,Thursday,9,2023-09-21,True
PACK,2023-09-21,-12.619010138325496,12,19.28571141673045,4.720614861524297,2.210021342212117,Thursday,9,2023-09-21,True
UNIT,2023-09-22,-9.415093860685058,5,33.3333332191328,5.821203564661858,1.2004591573885206,Friday,9,2023-09-22,True
IMVT,2023-09-22,58.10358940760124,4,25.34246695753784,5.427087241135282,0.985917296602116,Friday,9,2023-09-22,True
BLZE,2023-09-26,-10.116543312810348,23,23.809520606820698,7.470302167640812,1.3097615657751074,Tuesday,9,2023-09-26,True
SLG,2023-09-26,-10.229892525859372,28,35.7359743694242,5.063966597823463,3.0505725390093748,Tuesday,9,2023-09-26,True
URGN,2023-09-28,-8.728903219141342,18,22.857157053623386,7.038029285019802,1.4506811850377792,Thursday,9,2023-09-28,True
PTEN,2023-09-29,-11.243856332273356,5,37.130800729161855,4.574028000801055,1.448974633520121,Friday,9,2023-09-29,True
HPP,2023-10-02,-6.443748909431508,1,32.22747490142336,6.776714143328978,0.7789684408026092,Monday,10,2023-10-02,True
SVRA,2023-10-02,4.921279644102667,3,38.55420514240126,4.342783874922166,4.635309796955047,Monday,10,2023-10-02,True
MAMA,2023-10-02,9.289213367951623,2,38.918914305345616,7.510719742164611,3.319608576891234,Monday,10,2023-10-02,True
RIG,2023-10-02,-9.32792203446322,18,35.88851499765546,4.80269981334101,2.109642761926441,Monday,10,2023-10-02,True
RSI,2023-10-03,-14.939341427578992,20,23.91303090214788,6.187473719386145,2.4564246835603654,Tuesday,10,2023-10-03,True
NEXA,2023-10-03,-5.835383404387505,9,38.91049891052561,4.794816207802942,0.7180115162765518,Tuesday,10,2023-10-03,True
TTI,2023-10-04,11.174483458803994,7,26.86567287098005,5.074056812433827,5.784135776808146,Wednesday,10,2023-10-04,True
GTBIF,2023-10-04,-20.97522500308165,23,30.64933625448556,7.944079573935644,2.5750813878417445,Wednesday,10,2023-10-04,True
XPRO,2023-10-04,-4.970639465018911,21,39.10447614115363,4.70869303817034,0.9073970589640712,Wednesday,10,2023-10-04,True
TRLV,2023-10-04,-12.455396094792388,19,29.859482548182825,10.25698421015885,0.7126406146642896,Wednesday,10,2023-10-04,True
PUMP,2023-10-04,9.416446467232571,6,32.748524179630394,4.451191220077724,1.8937589862169577,Wednesday,10,2023-10-04,True
DBRG,2023-10-04,7.436827900724413,7,31.36943316226348,4.505349329829453,2.6318054159547657,Wednesday,10,2023-10-04,True
HLX,2023-10-05,10.833136314050686,7,38.57567446530044,4.097460359859232,3.945370073916753,Thursday,10,2023-10-05,True
QTTB,2023-10-05,-6.443751181449215,7,39.13044266266767,5.085732285700349,0.8292338369780397,Thursday,10,2023-10-05,True
TSHA,2023-10-05,-4.957138356383932,28,28.00000032095676,11.718746186204791,4.234430967690831,Thursday,10,2023-10-05,True
SVRA,2023-10-11,7.401085470709788,20,29.896909318935258,4.643015595259508,3.44478793444958,Wednesday,10,2023-10-11,True
AESI,2023-10-12,-4.508628820113591,14,21.237467424880226,4.370756987192403,1.0720627612232032,Thursday,10,2023-10-12,True
CNK,2023-10-13,-4.196001793356501,3,38.78787424112419,4.150198993884192,0.7578185917283919,Friday,10,2023-10-13,True
MAMA,2023-10-17,-10.64872647380388,28,39.830512519004486,7.266163296840891,2.872367297757334,Tuesday,10,2023-10-17,True
AMRX,2023-10-17,10.528507354540151,8,39.81900227121422,7.01435010014001,3.187526006598764,Tuesday,10,2023-10-17,True
DBRG,2023-10-19,-6.842966362431962,13,32.862202639112255,4.328947676173581,1.882094068938554,Thursday,10,2023-10-19,True
TBLA,2023-10-19,5.931505088629432,14,39.44954599518538,4.694035968608949,2.431565516629188,Thursday,10,2023-10-19,True
ALTO,2023-10-20,9.12313045534642,11,37.66233530933789,5.615164171819519,4.180278130994709,Friday,10,2023-10-20,False
TALK,2023-10-25,7.8564502704032035,1,33.33333251461963,4.877247075818773,5.67546514718815,Wednesday,10,2023-10-25,False
MLTX,2023-10-25,-29.24410053532297,12,33.606312816078216,7.250227146178672,2.449219592837891,Wednesday,10,2023-10-25,False
PAYO,2023-10-25,4.4789705106808615,5,38.99999567388316,4.298553824964587,1.0570170780926915,Wednesday,10,2023-10-25,False
ABEO,2023-10-25,8.111996231309995,9,32.57576475608862,7.238650664026898,0.6374918688420036,Wednesday,10,2023-10-25,False
TALK,2023-10-26,14.522102037572536,7,27.941173832883663,6.325473501956242,3.312143988650782,Thursday,10,2023-10-26,False
HLX,2023-10-27,-6.475378853648673,31,38.07338542133162,4.25110455155457,2.942914464772466,Friday,10,2023-10-27,False
WRBY,2023-10-27,-3.845421293400043,5,38.262906047886574,4.5200214560649705,0.9047623379196916,Friday,10,2023-10-27,False
TTI,2023-10-27,-23.780006742734937,11,35.44973438620836,4.687819378816549,5.004600528655127,Friday,10,2023-10-27,False
IMVT,2023-10-27,6.468225554432391,19,33.744671154098626,6.047444378734566,5.415947212603796,Friday,10,2023-10-27,False
MRAM,2023-11-01,-11.535425379184137,1,29.79592915976798,4.133021003648078,1.6072955539489289,Wednesday,11,2023-11-01,False
TALK,2023-11-02,10.312729973775337,18,35.211265965408614,6.674382681121263,2.8992608840171976,Thursday,11,2023-11-02,True
PAYO,2023-11-06,-5.561362832975637,3,36.054429148640615,4.164706634944607,0.7660139520091886,Monday,11,2023-11-06,True
PUMP,2023-11-06,-7.422913036165039,22,24.000032505369447,4.794322000827043,1.8946370543062236,Monday,11,2023-11-06,True
SM,2023-11-07,-7.115341298087806,29,30.390501175485557,4.014326873478872,2.083769080444721,Tuesday,11,2023-11-07,True
HPK,2023-11-08,-8.565713859009165,26,31.222698871799977,5.400880365814927,0.7318684489370176,Wednesday,11,2023-11-08,True
OBE,2023-11-09,-10.164119194962968,27,27.118632894668096,4.0564908657144105,2.5841858956038264,Thursday,11,2023-11-09,True
IMNM,2023-11-10,-9.584922303247204,31,37.50001694123642,6.416723776661078,2.352410548895296,Friday,11,2023-11-10,True
TRMD,2023-11-30,-6.1514902817884325,12,37.98486494564775,4.03969398506827,1.1471570792615982,Thursday,11,2023-11-30,True
RSI,2023-12-05,-3.9369158328953455,2,26.20689198957741,6.008671625674473,0.5741226921712821,Tuesday,12,2023-12-05,True
TBLA,2023-12-07,6.21403376027418,5,37.719305304060434,4.704586740915388,0.5233446736689976,Thursday,12,2023-12-07,True
IBRX,2023-12-11,19.87424369317268,2,30.666661672158497,10.667374961294856,1.9633131868910512,Monday,12,2023-12-11,True
OSCR,2023-12-18,6.655119486826348,2,28.42104898787663,5.034371107540274,1.5106221493414729,Monday,12,2023-12-18,True
TEO,2023-12-27,7.5520270225746655,26,31.679387615462687,6.735157306010092,2.870509321967842,Wednesday,12,2023-12-27,True
S,2024-01-04,15.316381357071238,18,36.197021856143664,4.911702045016057,5.291054941155243,Thursday,1,2024-01-04,True
YPF,2024-01-04,5.333589489204265,21,32.65822883256705,4.759155089560693,2.957924396214596,Thursday,1,2024-01-04,True
BLZE,2024-01-04,6.631604607880799,19,39.19414193622595,5.773358596228808,3.647529161821183,Thursday,1,2024-01-04,True
SVRA,2024-01-11,7.822994571453705,11,39.21569324880611,5.064631532600797,2.510115330490293,Thursday,1,2024-01-11,True
LPG,2024-01-11,-15.274675001129046,29,39.07894614363634,5.796111702325538,3.8892100278892494,Thursday,1,2024-01-11,True
ILPT,2024-01-12,-3.934586824522045,31,35.83333854460818,5.089904210594013,3.584764896949239,Friday,1,2024-01-12,True
LIND,2024-01-12,-6.503851640513557,4,30.35231391390265,5.830421285446925,0.8257146552479722,Friday,1,2024-01-12,True
HAPN,2024-01-12,3.897227430618476,11,37.5690686337031,4.170562709806054,2.625867823955807,Friday,1,2024-01-12,True
PRAA,2024-01-12,7.33612649344776,10,33.825703261091206,4.766553391313541,2.2496638189132114,Friday,1,2024-01-12,True
IMMX,2024-01-12,-38.54371843364655,17,29.1536033413952,9.739390018472672,4.08941998701634,Friday,1,2024-01-12,True
CGNT,2024-01-12,11.619898327116488,10,34.91272193432634,5.365073870188995,1.7297361695904916,Friday,1,2024-01-12,True
NRIX,2024-01-16,-6.271911350287959,2,39.50617531933311,7.622544066252644,0.5919090636607452,Tuesday,1,2024-01-16,True
ASPN,2024-01-16,18.3690771459066,28,28.808867686061063,7.992359286229377,3.402464796501695,Tuesday,1,2024-01-16,True
AMCX,2024-01-16,9.9008125951378,7,38.65876128279302,5.556480410310506,3.682398528013515,Tuesday,1,2024-01-16,True
OUST,2024-01-16,-13.66966532690478,14,38.15165671333297,8.39490242988368,1.409936181234676,Tuesday,1,2024-01-16,True
IBRX,2024-01-16,18.514688107706505,24,38.758386072712376,10.071488306506724,2.788992084444029,Tuesday,1,2024-01-16,True
SPIR,2024-01-16,9.865111992913276,7,38.03921599075119,6.448475508236268,3.2727676243290897,Tuesday,1,2024-01-16,True
BVS,2024-01-16,-9.655556079923793,28,30.52631745301818,5.2004423825987,4.375749266727147,Tuesday,1,2024-01-16,True
NVRI,2024-01-17,7.709252325147409,6,33.33333313390307,4.437565636180766,1.4058910992105798,Wednesday,1,2024-01-17,True
FDMT,2024-01-17,69.02647457928724,19,24.489798138095395,5.977948094363807,1.9658793391282376,Wednesday,1,2024-01-17,True
SLG,2024-01-17,5.7707667328590535,5,31.08644412133341,4.870054010541964,3.2364221186818884,Wednesday,1,2024-01-17,True
RLAY,2024-01-17,-5.664776304799438,7,36.97788633254204,6.242047447129762,0.6988804449976544,Wednesday,1,2024-01-17,True
ASTH,2024-01-17,6.051510310626113,5,27.373051659959543,4.039834107994024,1.0184060926668308,Wednesday,1,2024-01-17,True
CDNA,2024-01-17,15.66943006635904,9,31.06180512611408,7.901719428267516,1.361502687968043,Wednesday,1,2024-01-17,True
HPP,2024-01-17,9.922559349670031,6,38.85541998235128,5.630762168098593,4.281580702672809,Wednesday,1,2024-01-17,True
UNIT,2024-01-18,-5.0368781910920255,18,37.83783011686703,4.377782243694655,1.1649599739312555,Thursday,1,2024-01-18,True
PAYS,2024-01-19,5.114679695129394,3,28.125021503656757,4.639911650597741,2.652349365812108,Friday,1,2024-01-19,True
GRPN,2024-01-22,8.80050198700017,3,38.44765168558311,7.322635264765667,1.056354368157309,Monday,1,2024-01-22,True
KURA,2024-01-23,36.8716804352507,1,31.417615826982782,5.531936206384371,3.904304029575523,Tuesday,1,2024-01-23,True
ABEO,2024-01-24,-14.681303025591724,7,18.8679532202184,5.364873016796883,1.992942019796781,Wednesday,1,2024-01-24,True
SNDX,2024-01-24,9.361717490590998,8,39.29712694636569,4.620853780887211,2.0648080856417264,Wednesday,1,2024-01-24,True
MAMA,2024-01-25,6.854443538622783,27,39.59732537370641,5.71341118685869,1.826683807347741,Thursday,1,2024-01-25,True
JBIO,2024-01-25,11.812499017355377,6,36.63911878613728,9.088374779273028,1.622917449676007,Thursday,1,2024-01-25,True
IMVT,2024-01-26,-0.4611724853515662,31,15.525121810792484,5.173973986482217,3.855613804165421,Friday,1,2024-01-26,True
CLDX,2024-01-26,8.163245512019584,31,39.41456737739682,4.998451361583194,2.682518759472524,Friday,1,2024-01-26,True
CADL,2024-01-26,11.82115981632075,6,29.702981627059287,9.59585503389632,0.8682867248422017,Friday,1,2024-01-26,True
AUR,2024-01-31,8.027550459617588,8,33.85826675201561,7.722009248133702,0.5796459479864088,Wednesday,1,2024-01-31,True
HPP,2024-01-31,-18.252747739727067,13,31.67702534146879,5.349401787459552,3.72580206586207,Wednesday,1,2024-01-31,True
JBIO,2024-02-02,8.042446264774721,4,37.20095169616985,9.014638150186006,1.3677331222792404,Friday,2,2024-02-02,True
ZIM,2024-02-06,-13.370092005809443,28,39.56834376325149,9.264473889723808,1.224409778915993,Tuesday,2,2024-02-06,True
TOI,2024-02-07,-16.379179880561484,28,37.08610478445312,9.19190135563832,2.378309332782927,Wednesday,2,2024-02-07,True
RAMP,2024-02-12,-8.522774017236724,29,34.71002097835702,4.153995384841346,3.19240573271072,Monday,2,2024-02-12,True
STTK,2024-02-13,10.687445948591993,3,21.8000029296778,9.105348184100762,6.013481905465612,Tuesday,2,2024-02-13,True
NVRI,2024-02-13,9.3790972924292,24,35.09436041873559,4.338345643191249,0.5301369025458503,Tuesday,2,2024-02-13,True
PANL,2024-02-13,1.3915455484679162,29,27.649793507420085,4.042216549201029,3.8878879230842607,Tuesday,2,2024-02-13,True
HAPN,2024-02-21,0.531873287767337,28,36.65594099300704,4.651125379412497,2.6510745144153427,Wednesday,2,2024-02-21,True
ADEA,2024-02-22,-0.3809737740425892,28,31.4214501886494,4.813077261339025,1.0039575598513486,Thursday,2,2024-02-22,True
TK,2024-02-22,-2.4016572849287177,19,24.050617715041056,4.667411575371191,0.6915470309628058,Thursday,2,2024-02-22,True
BLFS,2024-02-27,3.9513060432739673,2,39.70589166447248,4.846984443772481,3.23333609770485,Tuesday,2,2024-02-27,True
ABX,2024-02-28,4.696214011402603,5,38.6426592762754,5.273188679287237,5.2857474425385576,Wednesday,2,2024-02-28,True
TBLA,2024-02-28,6.094147266023186,5,37.90323406179962,4.185703704189328,2.9197543423953527,Wednesday,2,2024-02-28,True
EWTX,2024-02-28,9.385002737303108,14,12.946396599880885,6.508407778094624,6.953906266016321,Wednesday,2,2024-02-28,True
BLFS,2024-02-29,5.140810541363094,1,30.069931526356186,5.12935971059204,2.8883493367741333,Thursday,2,2024-02-29,True
TNGX,2024-02-29,-17.343664222330016,13,37.09273739028296,6.288939100761665,3.125278738235668,Thursday,2,2024-02-29,True
M,2024-02-29,17.958428780052646,4,35.937517616500884,4.212533046886479,2.9570823370374986,Thursday,2,2024-02-29,True
PAYS,2024-03-01,8.818749310821318,7,38.79309961358897,5.198906084718889,3.616769325700568,Friday,3,2024-03-01,True
IMVT,2024-03-04,-5.031088727065011,2,39.8963824209071,5.223788932330291,0.7989564678410687,Monday,3,2024-03-04,True
AMRX,2024-03-04,4.434248806648809,14,32.82443991171972,5.715158849583639,2.4323446337736585,Monday,3,2024-03-04,True
OSCR,2024-03-05,0.5181911012518333,29,31.512078521832063,7.240742982374976,5.125494500668533,Tuesday,3,2024-03-05,True
S,2024-03-05,10.448164825439456,1,34.571176191000404,5.241140997300704,3.645466789581481,Tuesday,3,2024-03-05,True
RSI,2024-03-05,35.370446275310414,2,39.99999967999992,5.186182799556461,2.6817086945587407,Tuesday,3,2024-03-05,True
ABX,2024-03-06,8.37324028383968,6,28.767127623730005,5.247201531412076,4.288976957414278,Wednesday,3,2024-03-06,True
AXGN,2024-03-06,-14.53443852532484,29,39.4472524781528,6.045525194003084,4.0734590214661,Wednesday,3,2024-03-06,True
TEO,2024-03-06,8.103189353496267,9,33.92071083663116,5.677685912615782,1.1394912324774702,Wednesday,3,2024-03-06,True
TBLA,2024-03-06,8.276364511221908,5,32.90321558548919,4.860306512703745,1.6459865802978484,Wednesday,3,2024-03-06,True
CGEM,2024-03-07,9.701401061279096,25,30.228138387247768,6.417983015403475,4.930971723322383,Thursday,3,2024-03-07,True
GTBIF,2024-03-07,12.267312439611237,11,30.1125675078885,6.809387608922044,1.3638549929215855,Thursday,3,2024-03-07,True
CRVS,2024-03-08,-17.1641469157856,17,39.24050028543467,7.91288327459076,1.9359792976213837,Friday,3,2024-03-08,True
ZYME,2024-03-11,-15.478828093950296,29,39.70894082996841,5.399578064045075,3.7804197074336914,Monday,3,2024-03-11,True
URGN,2024-03-11,-16.382633892245966,3,34.801134370208544,5.6816454006431245,1.7063259277897784,Monday,3,2024-03-11,True
PRAA,2024-03-13,6.331760434605771,8,39.05817115716416,5.0645023457828,2.4527025891851166,Wednesday,3,2024-03-13,True
LBRT,2024-03-13,4.097674074827353,9,39.26098816158595,4.005123990025864,1.7905290187793352,Wednesday,3,2024-03-13,True
SVRA,2024-03-14,9.275497102753706,28,39.04762484237289,5.303352207884807,2.067685047424685,Thursday,3,2024-03-14,True
TBLA,2024-03-14,7.630639448817027,18,37.94871893027557,5.528334969595166,0.978762571004551,Thursday,3,2024-03-14,True
ASPN,2024-03-14,11.776869525981375,13,38.19445044102186,7.812635159727571,3.734527067138433,Thursday,3,2024-03-14,True
TYRA,2024-03-14,-16.2965614480032,29,31.28077117552792,5.945488353429229,3.0524901496820744,Thursday,3,2024-03-14,True
S,2024-03-14,-6.934356113850614,29,34.08908067985992,7.014935275741914,1.314091426127471,Thursday,3,2024-03-14,True
CADL,2024-03-15,14.452001905441293,17,32.926829060705785,8.294728728198509,2.4776645843989478,Friday,3,2024-03-15,True
DSGN,2024-03-15,12.57791363222029,5,37.90322010651025,5.824433022893857,0.7235841426585515,Friday,3,2024-03-15,True
ATAI,2024-03-18,15.801949086210795,10,37.20930342611298,9.988066008207513,0.9436408733583166,Monday,3,2024-03-18,True
EWTX,2024-03-18,9.432986490739454,3,39.25080956286703,6.631374157293836,5.371319691099778,Monday,3,2024-03-18,True
GRPN,2024-03-18,-8.89603084857558,7,34.855399621761435,10.266377433613728,0.8009484521489495,Monday,3,2024-03-18,True
STTK,2024-03-18,10.055749715396848,2,32.94393855762151,8.396512434474104,4.944789621768437,Monday,3,2024-03-18,True
SNDX,2024-03-18,6.559883689584926,3,36.42312017121066,5.592373593648025,2.9616498550886345,Monday,3,2024-03-18,True
CMPS,2024-03-19,-12.88405112254876,9,28.15383850895469,8.810763638159413,1.446686463482659,Tuesday,3,2024-03-19,True
RLMD,2024-03-21,-14.34892423077773,29,22.911380129781705,11.78779951981242,1.7342921561997608,Thursday,3,2024-03-21,True
BLZE,2024-03-25,-5.957640324395826,29,39.4444529762671,6.246009528441347,4.090890108535348,Monday,3,2024-03-25,True
MGNI,2024-03-25,-14.967832170280706,21,20.95237605513593,5.027869283571924,3.158434617219452,Monday,3,2024-03-25,True
KURA,2024-03-26,6.551322301192752,6,36.55660196265092,5.691216710958534,5.906771334199303,Tuesday,3,2024-03-26,True
SNDX,2024-03-26,7.751459160366298,1,37.23757894715571,5.071002426804619,2.7426455921818933,Tuesday,3,2024-03-26,True
BVS,2024-04-02,-15.066071541090404,20,36.407761461646295,5.843190560437037,2.7452475749624967,Tuesday,4,2024-04-02,True
BHVN,2024-04-02,-23.40968502723464,17,30.76542981693416,6.095824899628868,4.46680350692607,Tuesday,4,2024-04-02,True
KURA,2024-04-02,-4.581576992468205,28,39.15151858801297,5.541458980502801,5.870392753816016,Tuesday,4,2024-04-02,True
BEAM,2024-04-02,-11.61247089498294,8,30.35178605265098,6.985486212713369,1.4631690207628396,Tuesday,4,2024-04-02,True
IMNM,2024-04-02,-33.45329189301014,22,35.96574098891239,9.062070516633309,4.238683582569411,Tuesday,4,2024-04-02,True
MAMA,2024-04-03,3.192049959997018,16,32.60871431053553,4.253523482966582,2.458076329693514,Wednesday,4,2024-04-03,True
TRVI,2024-04-09,0.493749310821326,28,29.720286424818667,8.532409332711415,3.721920251164194,Tuesday,4,2024-04-09,True
CLDX,2024-04-10,4.992560574017039,1,33.333333280780835,4.935950509721504,2.440585076675297,Wednesday,4,2024-04-10,True
CGNT,2024-04-10,9.259689293719315,28,33.62368884504936,5.40317614734053,2.562567581565077,Wednesday,4,2024-04-10,True
CEVA,2024-04-10,-3.357629573672189,2,37.563453162079526,4.022848705330093,0.669484708408794,Wednesday,4,2024-04-10,True
SLDB,2024-04-10,-5.550137838081074,28,32.31884055419762,10.268899157864034,4.213896985299428,Wednesday,4,2024-04-10,True
ABX,2024-04-11,4.477926700011552,1,36.06557035986936,4.497602799930456,4.236201907236422,Thursday,4,2024-04-11,True
TBLA,2024-04-11,-4.033089799527144,1,36.144583240957424,4.185243832563192,0.5114849650329268,Thursday,4,2024-04-11,True
DMRA,2024-04-11,-0.2,28,39.81482237713394,10.023037190540345,0.5670745892831772,Thursday,4,2024-04-11,True
BLFS,2024-04-12,7.201680894331504,12,31.786927370523244,5.320163741052523,1.6408699973562688,Friday,4,2024-04-12,True
EOLS,2024-04-12,11.861953027951412,24,11.085967410773108,4.105244143125461,2.3870162048847288,Friday,4,2024-04-12,True
TEO,2024-04-12,4.0000395942432085,11,37.86983736428824,5.46135961183684,1.86374880629666,Friday,4,2024-04-12,True
CLDX,2024-04-12,3.8494496426916407,19,36.38170320767405,5.1159934776355,2.302624517619469,Friday,4,2024-04-12,True
AMRX,2024-04-12,7.337744522225155,12,34.972671490243314,5.312532260773221,1.78072230482465,Friday,4,2024-04-12,True
DYN,2024-04-12,0.3796890394599861,28,39.864291821402695,6.872184395451095,5.477204888913595,Friday,4,2024-04-12,True
OSS,2024-04-15,-17.460213689620286,28,31.734315067452755,9.91921200884571,1.7751555798351522,Monday,4,2024-04-15,True
HAPN,2024-04-15,7.56786313043832,16,35.32111674436796,4.189890952340375,1.507291519152658,Monday,4,2024-04-15,True
PRAA,2024-04-15,8.77016761716482,8,31.81101792293109,4.54675104008905,1.3617897577056266,Monday,4,2024-04-15,True
SG,2024-04-15,13.955660293697294,11,29.8214278651201,6.26743411488221,5.893843958527071,Monday,4,2024-04-15,True
TALK,2024-04-15,-11.126566803059475,28,30.275224353482272,6.2745306926913145,3.9680924008025342,Monday,4,2024-04-15,True
ULCC,2024-04-16,-4.0423076923076895,28,33.89830449407522,6.524705866970621,2.3359732831661284,Tuesday,4,2024-04-16,True
SKYT,2024-04-16,8.915597926645354,13,35.24355169275128,6.135757132771734,1.758652870708745,Tuesday,4,2024-04-16,True
GTBIF,2024-04-16,11.475510469531793,14,37.30043772845993,7.913937147163106,0.8810903742184212,Tuesday,4,2024-04-16,True
ANNX,2024-04-16,-5.961576012600809,28,28.18293283002096,11.723733401825436,2.0843719513117565,Tuesday,4,2024-04-16,True
JBLU,2024-04-16,7.449310627122628,2,27.011505532800697,4.691774276025655,3.4350306673900834,Tuesday,4,2024-04-16,True
PACK,2024-04-16,9.280452219409758,13,33.56401893068967,5.722763788399306,4.823614520952515,Tuesday,4,2024-04-16,True
ASTH,2024-04-17,8.809960898078234,28,27.239273634985224,4.40283173871592,0.8105156802217701,Wednesday,4,2024-04-17,True
ASPN,2024-04-17,8.185768552984293,6,23.36448215649078,5.7012172607410445,3.16040157914819,Wednesday,4,2024-04-17,True
MRVI,2024-04-17,8.025918491381002,14,34.54546414277307,6.132811637318932,1.4493049379398903,Wednesday,4,2024-04-17,True
JBIO,2024-04-17,-15.118396902901788,26,31.949456967815948,9.991211310627031,1.790269670463271,Wednesday,4,2024-04-17,True
TSHA,2024-04-17,17.588314813724548,27,30.21977847579086,11.97643584947098,0.8712120390462008,Wednesday,4,2024-04-17,True
PRCH,2024-04-17,-12.457671669970765,28,31.33046291185592,10.194399489557007,3.127945426068816,Wednesday,4,2024-04-17,True
GLUE,2024-04-17,-16.56293542424776,23,32.967033128147094,11.095017212996822,0.9836664087662969,Wednesday,4,2024-04-17,True
SNDX,2024-04-17,8.54486438971788,14,31.595565838999647,4.719774533808361,1.9036696126415416,Wednesday,4,2024-04-17,True
WULF,2024-04-17,16.951197175384607,2,12.244898032505816,11.706550497043407,1.1712148626591148,Wednesday,4,2024-04-17,True
EWTX,2024-04-17,7.632417036121517,9,33.61700992748824,6.815293558215769,3.98277317550648,Wednesday,4,2024-04-17,True
AIP,2024-04-17,-12.336002540588378,15,37.54152901193898,5.720820731980711,1.510186437507733,Wednesday,4,2024-04-17,True
SPIR,2024-04-18,16.731171802828673,19,32.35771631744909,11.016642544131203,2.0103988884258777,Thursday,4,2024-04-18,True
CYRX,2024-04-18,-20.034424048436232,20,36.71704446203314,5.521088282215384,1.9454754000437824,Thursday,4,2024-04-18,True
SLG,2024-04-18,6.880709676382072,5,34.10293331212988,5.1153755252370905,2.378907143442251,Thursday,4,2024-04-18,True
TRLV,2024-04-19,10.192765321257724,11,38.4910510664318,8.904081483123973,3.3488919270955484,Friday,4,2024-04-19,True
VCEL,2024-04-19,12.062527466211732,18,13.12402270014465,4.031778319929232,2.217825423541784,Friday,4,2024-04-19,True
CGEM,2024-04-19,8.731035786537735,5,35.47446305095299,8.909170861316953,2.3163143720404324,Friday,4,2024-04-19,True
RSI,2024-04-19,10.75892963534156,12,28.64583480601168,5.4775587919142845,3.1457022779686192,Friday,4,2024-04-19,True
ABSI,2024-04-19,-3.4462308221742277,28,39.34010089158486,9.317078882972035,3.3665998187277566,Friday,4,2024-04-19,True
GRND,2024-04-22,5.398731571820735,9,36.51877759963273,4.312354806931306,4.173575103882159,Monday,4,2024-04-22,True
JBLU,2024-04-23,-8.552291151770476,8,39.19308424698981,6.925822198428666,1.3181049026376357,Tuesday,4,2024-04-23,True
DFTX,2024-04-24,15.841861674839222,9,27.671745092538657,10.2506392618266,4.04053297872991,Wednesday,4,2024-04-24,True
CART,2024-04-24,7.777723864203888,12,31.827307654052102,4.865621484603384,3.468739637494499,Wednesday,4,2024-04-24,True
FDMT,2024-04-25,15.423962142575812,8,27.22371539269749,7.476998434851036,2.065019790872656,Thursday,4,2024-04-25,True
SLS,2024-04-29,16.147268432514135,2,38.271605548643656,11.819260361971777,1.1378917606347323,Monday,4,2024-04-29,True
NRIX,2024-04-30,18.84914560027687,7,29.0285741100238,9.586178073399656,2.1212833802181343,Tuesday,4,2024-04-30,True
STAA,2024-05-01,-9.342784242542711,29,23.92452134523728,4.598435771505408,4.100258392857688,Wednesday,5,2024-05-01,True
EGY,2024-05-01,2.074144137403528,29,22.82608903632854,4.180534735918212,4.894798283074411,Wednesday,5,2024-05-01,True
SG,2024-05-01,12.645002801148904,2,36.67924840574846,7.67216780769757,3.828406134869183,Wednesday,5,2024-05-01,True
PACK,2024-05-02,11.069207923681631,7,35.83618469048156,6.616901936992517,3.20532918774372,Thursday,5,2024-05-02,True
STTK,2024-05-14,-14.808016960108969,15,38.511333815208765,10.327556752207498,1.791841181694894,Tuesday,5,2024-05-14,True
WULF,2024-05-16,13.968985329467335,14,32.558140041170205,10.604557291352688,0.9072006421982698,Thursday,5,2024-05-16,True
PRCH,2024-05-16,-10.154447584140977,4,31.460671200899853,10.09734150769976,0.8722447120444545,Thursday,5,2024-05-16,True
PACK,2024-05-20,-12.026171645331797,28,35.862072194320206,5.610253700470713,3.0540432324584867,Monday,5,2024-05-20,True
DFTX,2024-05-20,10.334071496229912,9,35.57393245218657,8.661773984630816,3.5150731434392326,Monday,5,2024-05-20,True
CART,2024-05-21,1.333149085104972,30,36.31180563716843,5.026547053666704,1.9249760126976971,Tuesday,5,2024-05-21,True
SLDB,2024-05-21,-11.234782983626612,7,37.9953408768215,9.098792201933458,1.3455901898265257,Tuesday,5,2024-05-21,True
ABX,2024-05-23,9.141210535064564,5,20.925089367208955,4.592323071226179,0.9968052278379532,Thursday,5,2024-05-23,True
ABSI,2024-05-23,11.259794471670435,20,32.195118781256895,8.630227919697605,1.4176312703201783,Thursday,5,2024-05-23,True
CGEM,2024-05-23,-23.487942028053094,32,22.857139193621663,7.832902519096964,4.363999244451073,Thursday,5,2024-05-23,True
IBRX,2024-05-23,9.670364384260813,32,25.59289170196905,11.957149457095264,2.372451967043052,Thursday,5,2024-05-23,True
TRVI,2024-05-23,10.901094993190998,20,35.79881218111642,9.505013220330763,1.765748538871673,Thursday,5,2024-05-23,True
YPF,2024-05-23,7.326421986002847,7,35.72433400715141,4.388042463836715,4.178626112279698,Thursday,5,2024-05-23,True
AGIO,2024-05-24,22.00000000000001,4,39.92974525238495,4.031393194508031,3.9138858834895234,Friday,5,2024-05-24,True
TYRA,2024-05-28,9.25188970649353,7,39.26030645973637,6.882613392262238,0.9914399890918408,Tuesday,5,2024-05-28,True
TRLV,2024-05-29,-10.08594504650652,8,37.32738060618858,9.427536663195683,1.1665520047531597,Wednesday,5,2024-05-29,True
FDMT,2024-05-29,6.994387099046794,7,31.1004788361106,6.015037424738987,1.3594193483845989,Wednesday,5,2024-05-29,True
PAYS,2024-05-31,-12.990731459745843,31,38.16795741791364,4.363306036853523,6.4276090129520576,Friday,5,2024-05-31,True
MRVI,2024-05-31,-16.907615606335572,17,28.117365702111695,6.575582155966524,2.6783466644795544,Friday,5,2024-05-31,True
OSCR,2024-06-03,-13.82508619309876,29,32.917696188961415,5.688855432258653,5.419693890563109,Monday,6,2024-06-03,True
PUBM,2024-06-03,-8.588190055529362,21,38.48821643067631,4.60708160784756,2.4091489430061497,Monday,6,2024-06-03,True
YPF,2024-06-04,-0.8403898552756911,29,37.522766977114365,5.502664740315859,2.107221758620604,Tuesday,6,2024-06-04,True
TEO,2024-06-04,-5.138021206743717,2,28.5714406165868,5.941411468014494,0.7901402537885087,Tuesday,6,2024-06-04,True
AIP,2024-06-04,6.568684159120681,6,39.14372848957143,6.7006407518421405,2.248527893100345,Tuesday,6,2024-06-04,True
TGB,2024-06-04,3.928095106547485,29,37.87878939271132,6.113894576143264,4.275138040096721,Tuesday,6,2024-06-04,True
QTTB,2024-06-05,-33.34730788351959,15,34.26410968978463,8.903135732983115,3.1840192144317587,Wednesday,6,2024-06-05,True
DFTX,2024-06-05,-4.777630039661029,30,29.975727491649423,9.660245026703604,1.884884532071384,Wednesday,6,2024-06-05,True
BBAR,2024-06-06,11.741418770959845,7,33.96551506153732,6.886294696219212,3.886972276053922,Thursday,6,2024-06-06,True
DSGN,2024-06-07,-9.281815932182608,32,35.263159880396486,6.72665080377977,3.203384619511606,Friday,6,2024-06-07,True
VCEL,2024-06-07,-4.904619428085958,7,37.15209986655983,4.196168752064221,0.783099288100509,Friday,6,2024-06-07,True
BLFS,2024-06-07,5.575010722494291,3,35.48950515601449,4.897576257989738,3.4336203104395144,Friday,6,2024-06-07,True
STAA,2024-06-07,7.623259422504562,5,24.999999956683183,4.285002020554032,1.2709302611568802,Friday,6,2024-06-07,True
AESI,2024-06-07,-7.305465196322156,10,33.98328380795971,4.01073635029135,1.7809783604997598,Friday,6,2024-06-07,True
CRVS,2024-06-07,5.6808137355411885,3,32.89473664892414,8.2971346590763,0.9810100149126548,Friday,6,2024-06-07,True
GRPN,2024-06-10,9.933015213902763,1,21.9712510559861,6.302161973374804,0.909577886090085,Monday,6,2024-06-10,True
OUST,2024-06-11,8.542388466400459,29,35.095137487348424,7.702804044484076,4.423129146099159,Tuesday,6,2024-06-11,True
GEO,2024-06-12,7.987115770397849,14,33.64485949478673,4.345193733471365,0.8653002892866212,Wednesday,6,2024-06-12,True
BLFS,2024-06-14,5.566500884084383,10,39.26555255073789,5.239862939759897,2.823872124744562,Friday,6,2024-06-14,True
PBI,2024-06-14,7.405552994218391,17,34.64566240534077,4.391645328245715,2.373255988875176,Friday,6,2024-06-14,True
ACHV,2024-06-14,-6.520202792027479,18,27.82608084884653,4.963533253117837,1.1263101180623427,Friday,6,2024-06-14,True
HBM,2024-06-14,8.643042484931444,19,32.83580903940323,4.239054372965423,5.692696521964387,Friday,6,2024-06-14,True
NVCR,2024-06-17,-1.6933454374597594,30,32.535881947235694,6.361214812002486,3.322702561840777,Monday,6,2024-06-17,True
BVS,2024-06-17,9.747953583515496,24,27.80270047656103,6.475320205053313,2.4039303271638475,Monday,6,2024-06-17,True
WRBY,2024-06-17,8.606549959667394,29,31.62583840205184,4.029954061371283,3.363129922267393,Monday,6,2024-06-17,True
MAMA,2024-06-17,7.449574382359075,10,32.57918228743168,5.420046268393857,3.8026591883295744,Monday,6,2024-06-17,True
SLS,2024-06-17,-15.38480457305908,1,38.98305094980714,11.218129119697158,1.1524203617558404,Monday,6,2024-06-17,True
EWTX,2024-06-18,7.545643993620163,3,39.99999241039527,5.675259785246053,1.702646319606682,Tuesday,6,2024-06-18,True
ZETA,2024-06-18,6.636102365258978,8,37.43842602777676,4.270250624971247,6.423090708900488,Tuesday,6,2024-06-18,True
ASPN,2024-06-21,-7.194582315181662,31,34.97409758499177,6.948658416862101,4.358482098476824,Friday,6,2024-06-21,True
AIP,2024-06-25,12.475253530251972,14,39.14591132433673,6.593074822361326,0.6492236918339397,Tuesday,6,2024-06-25,True
BBAR,2024-06-26,-5.786515735155851,29,36.72054438759008,6.582269724390772,2.613568895912369,Wednesday,6,2024-06-26,True
AMRX,2024-06-26,4.161943250038161,7,36.290324031621765,4.019484371006186,2.561709518569006,Wednesday,6,2024-06-26,True
LEVI,2024-06-27,-2.8558208898171644,6,17.964058995376178,4.086399867717208,0.74723670109331,Thursday,6,2024-06-27,True
PGEN,2024-07-02,8.18087163031743,9,39.13043849562429,6.347706746492901,0.879671043419155,Tuesday,7,2024-07-02,True
CLYM,2024-07-03,14.99615677703407,19,35.56338335694609,11.87445885922841,2.951611276652589,Wednesday,7,2024-07-03,True
RSI,2024-07-05,7.735976690017203,10,35.61644758076865,4.388747666028274,5.710405733426165,Friday,7,2024-07-05,True
SG,2024-07-08,-5.9523994007191,28,29.771553916877263,7.42248311334057,3.194975135984991,Monday,7,2024-07-08,True
OSCR,2024-07-09,-5.210856900896347,9,28.24536394252543,6.363024629425166,0.6854415492145004,Tuesday,7,2024-07-09,True
ZIM,2024-07-11,13.418147699862525,20,39.929641078985085,8.040893824127155,2.752485216282272,Thursday,7,2024-07-11,True
TGB,2024-07-15,-12.899151088385914,15,34.14634017127125,5.242150596755474,2.7886723532778936,Monday,7,2024-07-15,True
HIMX,2024-07-18,-17.91559898376465,14,32.01753320608485,4.592957872837462,4.0450331324953215,Thursday,7,2024-07-18,True
IBRX,2024-07-18,-11.058697210717924,6,35.71428372143849,6.72422064093152,1.0755806974730249,Thursday,7,2024-07-18,True
FNKO,2024-07-18,9.984540545252674,12,36.34867800630714,5.534757864630474,2.419503489337409,Thursday,7,2024-07-18,True
HBM,2024-07-18,-8.514659134890652,15,34.00672822443374,4.387933711527894,2.191970640596597,Thursday,7,2024-07-18,True
FUN,2024-07-24,-8.811708581319538,14,17.606593797882738,4.544081088815444,2.0319155395143937,Wednesday,7,2024-07-24,True
STAA,2024-07-25,-9.214822561698298,11,38.16666070300796,5.854787087277231,0.8680702162575286,Thursday,7,2024-07-25,True
ASPN,2024-07-26,-10.28514684949602,7,38.54084006811233,6.952299939117316,0.9309697702624224,Friday,7,2024-07-26,True
AVTX,2024-07-26,-19.591332571440663,20,31.737745406078275,7.83962183243484,1.9799879642481784,Friday,7,2024-07-26,True
EWTX,2024-07-29,-5.740765180003242,2,26.4648402941168,7.431217614274035,0.7890449081805573,Monday,7,2024-07-29,True
HLX,2024-08-01,-6.243766601272666,1,37.28323532979621,4.679855768461685,0.9942663289060996,Thursday,8,2024-08-01,True
CART,2024-08-01,-4.647399149375663,1,38.760635204319485,4.035475077864719,0.6902746473244284,Thursday,8,2024-08-01,True
MRAAY,2024-08-01,-4.297461773398413,1,35.2303598742743,4.145797731001934,0.7721481148660571,Thursday,8,2024-08-01,True
GEO,2024-08-01,-4.045102892936664,1,35.318000055688586,4.99855025725265,0.5410435393155767,Thursday,8,2024-08-01,True
TDAY,2024-08-02,10.536911243451986,13,35.204076416207954,5.736296439595912,4.7701390716288286,Friday,8,2024-08-02,True
PBI,2024-08-02,16.532018972324334,7,23.89934445264197,4.947886216332479,4.307623444821914,Friday,8,2024-08-02,True
CADL,2024-08-02,13.95865878439838,24,36.027709745322845,10.710033943372904,1.116785521685293,Friday,8,2024-08-02,True
AIP,2024-08-02,-6.2100241752613705,3,38.32198624684735,6.8064590625544135,0.5539589435084296,Friday,8,2024-08-02,True
EGY,2024-08-02,4.289890991045949,28,37.19008519781143,4.674316198021124,1.6402831629910457,Friday,8,2024-08-02,True
XPRO,2024-08-02,-6.664116273470786,3,30.06134404210789,4.906972073470954,0.5437104735371756,Friday,8,2024-08-02,True
AOSL,2024-08-02,19.805822806387518,26,29.8069853827452,8.138218878065599,2.451633850018564,Friday,8,2024-08-02,True
RCRUY,2024-08-02,8.656423691701514,10,28.01203916293258,5.331470669914301,2.246170880140646,Friday,8,2024-08-02,True
MGNI,2024-08-02,4.582447732704499,28,33.017375328238344,5.130611658465383,3.1052067693006853,Friday,8,2024-08-02,True
GRND,2024-08-05,6.654983905764755,4,21.75574285768209,4.081553855299968,2.4769469066342595,Monday,8,2024-08-05,True
AMRX,2024-08-05,8.142397580001541,3,22.89156849459971,4.188803669946727,1.819823404552082,Monday,8,2024-08-05,True
WRBY,2024-08-05,-6.522783444264949,2,28.89735342354163,4.903653393381678,0.866168931607744,Monday,8,2024-08-05,True
DRS,2024-08-05,5.278816475241741,3,31.343279732483808,4.61664315304302,2.819658823234063,Monday,8,2024-08-05,True
SKE,2024-08-05,8.665916159116136,7,29.223737245311227,5.305921582586503,3.6080107442754072,Monday,8,2024-08-05,True
ERAS,2024-08-05,7.4544175823064,29,25.622781221955904,8.495346199018329,1.5349521701284494,Monday,8,2024-08-05,True
AGIO,2024-08-05,8.596078860244766,16,29.535241870495128,5.094698867381027,4.05865480662522,Monday,8,2024-08-05,True
ACRS,2024-08-05,-4.228221933855384,2,38.09523952855461,5.89637906564555,0.5346821942402638,Monday,8,2024-08-05,True
MAMA,2024-08-05,8.42052178371781,3,36.49634217572893,5.7151762249144085,2.954926386590337,Monday,8,2024-08-05,True
SMERY,2024-08-05,8.173233246029838,14,34.87275479244582,4.016327180117706,5.087743189068707,Monday,8,2024-08-05,True
OUST,2024-08-05,-29.33375221755037,9,15.714286570384346,9.668528489612942,2.1985272526221507,Monday,8,2024-08-05,True
BVS,2024-08-05,11.377863747138589,1,26.020407480906428,5.858529754027099,2.200082217850753,Monday,8,2024-08-05,True
SPIR,2024-08-06,-11.86253339046749,1,29.220769597124075,8.448035475024474,0.5364712856945962,Tuesday,8,2024-08-06,True
LILA,2024-08-07,3.2899517187919987,29,36.56714083466531,4.559403482684562,3.0064867373336366,Wednesday,8,2024-08-07,True
LILAK,2024-08-07,2.6171300275417453,29,36.46210072685505,4.521618799647679,3.060415769552736,Wednesday,8,2024-08-07,True
WT,2024-08-07,-0.7246868502342685,29,34.15841139937665,4.123771101238708,1.5115284403903042,Wednesday,8,2024-08-07,True
CGAU,2024-08-07,5.876716401868929,5,38.20225321145325,4.592952543918473,0.5459307308665303,Wednesday,8,2024-08-07,True
AUR,2024-08-07,22.549132604742475,16,22.777787166791285,11.631850165664058,0.8540808383641564,Wednesday,8,2024-08-07,True
REPL,2024-08-07,10.045183122576503,8,34.53235615739845,7.152104217730396,1.8910009270247448,Wednesday,8,2024-08-07,True
QURE,2024-08-07,-21.94788959371197,27,39.27443999399778,10.775631994265142,1.917559916770457,Wednesday,8,2024-08-07,True
BKD,2024-08-09,1.2669589657464977,31,24.1935424161278,4.574103066198257,0.8500898795425714,Friday,8,2024-08-09,True
RSI,2024-08-09,3.6678139664127287,31,35.89165478839166,6.961100527657845,2.7102781536378666,Friday,8,2024-08-09,True
COGT,2024-08-12,6.634335361368507,4,37.75101426329167,6.6938152468707655,2.030730278487572,Monday,8,2024-08-12,True
UTI,2024-08-12,-1.8759776932784669,29,28.18533521752741,4.196146959327429,1.886902033896805,Monday,8,2024-08-12,True
RXO,2024-08-13,9.13975087907998,6,38.86364053817139,4.815314430604295,3.492351746330596,Tuesday,8,2024-08-13,True
NEOG,2024-08-14,5.178265742014426,1,39.10505284466418,4.849280736011892,0.6880783708731777,Wednesday,8,2024-08-14,True
ZIM,2024-09-03,12.22279261027071,14,39.76545704044947,6.881338880773239,1.3100887119582674,Tuesday,9,2024-09-03,True
DYN,2024-09-04,5.0968335412245525,28,31.24536151402043,10.323542645281378,0.5173353782099902,Wednesday,9,2024-09-04,True
SG,2024-09-05,16.751394590263317,7,28.90466329274564,8.172030291015435,1.454487787964046,Thursday,9,2024-09-05,True
PAYS,2024-09-05,-4.051022269701697,18,36.036039838656045,4.670235332236841,1.261425390342099,Thursday,9,2024-09-05,True
BLFS,2024-09-06,6.802234141346792,10,37.59035490364449,5.264118966952778,2.833856100561232,Friday,9,2024-09-06,True
AOSL,2024-09-06,15.044869555767198,7,36.63115765366304,8.245051138147156,1.01775969971295,Friday,9,2024-09-06,True
NVRI,2024-09-06,-2.8870291771210512,28,39.53487276086065,4.0622949958097,3.241385895064721,Friday,9,2024-09-06,True
ADPT,2024-09-06,6.994203890767882,7,35.263152483474286,6.986527947479219,2.066092947275161,Friday,9,2024-09-06,True
PBI,2024-09-06,9.161746204683546,12,29.50819564124845,5.02155436716392,3.821620825824159,Friday,9,2024-09-06,True
ASPN,2024-09-09,18.998850620716848,10,15.8018791715227,8.822195101088088,0.5279514842460588,Monday,9,2024-09-09,True
UAA,2024-09-09,-8.904424825088336,1,34.0823730798064,4.202465111490836,0.5790466154731806,Monday,9,2024-09-09,True
HAPN,2024-09-10,10.780262838759436,8,37.37112165949965,4.906463847871716,2.2281416356379884,Tuesday,9,2024-09-10,True
RXO,2024-09-10,8.395241897289557,16,31.89909490476116,4.16874154725471,2.3254881152036115,Tuesday,9,2024-09-10,True
TDAY,2024-09-10,20.25011495702408,7,35.79336080028081,6.493525707589198,2.635989042893061,Tuesday,9,2024-09-10,True
TYRA,2024-09-11,6.453448112470694,6,35.51170920321566,6.222461868538893,1.334807298414672,Wednesday,9,2024-09-11,True
MAMA,2024-09-18,4.739136409623209,1,39.51614382720901,5.520323102287341,2.742418113489719,Wednesday,9,2024-09-18,True
AVBP,2024-09-23,13.337689378494144,10,35.23725700855984,7.690164140860784,1.5082055852842975,Monday,9,2024-09-23,True
MAMA,2024-09-23,4.039479962477894,11,39.728687076922576,5.364409258296351,2.5903397665907573,Monday,9,2024-09-23,True
ADPT,2024-09-25,10.851439167261129,1,39.393936432484296,7.25764033653541,0.9944691826577556,Wednesday,9,2024-09-25,True
EVH,2024-09-25,-4.239280893779415,7,23.34004033013767,4.625207577497986,0.6182835072138568,Wednesday,9,2024-09-25,True
NRIX,2024-09-30,7.413655160014845,11,37.51600846281754,5.853300935477546,3.1777038432036178,Monday,9,2024-09-30,True
ERAS,2024-10-01,-5.985708959761289,6,31.395347207038483,7.36883577446049,0.7573020541409425,Tuesday,10,2024-10-01,True
BCRX,2024-10-01,5.742558766302123,21,37.03703011196783,4.0286162261185,3.3574174954746026,Tuesday,10,2024-10-01,True
QTTB,2024-10-01,12.248938762961725,7,32.34123269014647,9.596511493239756,3.1099710194703185,Tuesday,10,2024-10-01,True
BBAR,2024-10-02,7.447848852930547,2,39.87341467971663,5.103247521468719,1.7371428705400518,Wednesday,10,2024-10-02,True
DSGN,2024-10-03,13.763781322368487,12,30.09709166874312,8.736073750509926,1.390347971546948,Thursday,10,2024-10-03,True
ILPT,2024-10-03,-6.729415698933132,15,14.66668419480915,4.022363118544321,1.8334322966097896,Thursday,10,2024-10-03,True
HRMY,2024-10-03,9.08463655381768,26,33.928579853750705,4.689025784690661,1.3347039785496486,Thursday,10,2024-10-03,True
AGIO,2024-10-04,8.738543614088156,14,37.560979889366926,5.5067178247474935,0.8135302300116891,Friday,10,2024-10-04,True
AURA,2024-10-07,8.504212562571427,7,27.380951327782554,6.4187878401385525,0.8165413432318582,Monday,10,2024-10-07,True
DNLI,2024-10-07,2.0909349457169246,28,22.357720908315088,4.362779606721429,3.9275623436823777,Monday,10,2024-10-07,True
OSCR,2024-10-07,-6.362659190850674,3,31.822963390639245,6.698129776937472,0.5819932485551239,Monday,10,2024-10-07,True
BLFS,2024-10-09,-7.8419189671886365,15,28.277187998024274,4.573005817697877,2.0157304393549125,Wednesday,10,2024-10-09,True
MLTX,2024-10-09,7.7392137212001,28,36.49012156971757,6.01816124567405,0.8138962437150581,Wednesday,10,2024-10-09,True
CDNA,2024-10-16,-13.174024367143485,28,39.28571465536957,8.679308293715113,3.2343373621921345,Wednesday,10,2024-10-16,True
AXGN,2024-10-21,5.345782671468843,7,37.81511566906608,4.758420099410614,6.022916520144842,Monday,10,2024-10-21,True
ZETA,2024-10-22,16.18511358441892,15,38.11189987365593,5.653497178790789,4.327525910513707,Tuesday,10,2024-10-22,True
EOLS,2024-10-23,6.06372673222308,5,36.240320617121405,4.415476353047354,2.979689886548948,Wednesday,10,2024-10-23,True
ADPT,2024-10-24,9.193251198132485,6,17.532446462685044,6.756547948433377,2.0752292610055147,Thursday,10,2024-10-24,True
RCRUY,2024-10-25,5.901730312309461,6,38.07865653120915,5.451065809718318,1.7593099486823394,Friday,10,2024-10-25,True
TDAY,2024-10-31,17.37302547276268,7,37.762239442856696,6.782645882856908,1.1547511913849913,Thursday,10,2024-10-31,True
MAMA,2024-10-31,6.169465488253748,6,33.684226392821856,4.265153244419525,1.274570660932295,Thursday,10,2024-10-31,True
CZR,2024-10-31,-7.708085843929633,15,34.31786669754895,4.127232817964551,0.9327725172652384,Thursday,10,2024-10-31,True
AOSL,2024-11-01,-21.443439831453208,4,29.717402809849176,5.011308823095463,0.618366058640984,Friday,11,2024-11-01,True
ABEO,2024-11-04,6.688800437963876,3,37.11339900669044,5.187702250732269,2.222312781466858,Monday,11,2024-11-04,True
BW,2024-11-04,11.612498774882912,2,24.28571915182549,9.19827468364504,3.5507378176359685,Monday,11,2024-11-04,True
RSI,2024-11-05,6.396149137689017,1,31.25000215740764,4.980352750369101,1.8881142442031584,Tuesday,11,2024-11-05,True
COGT,2024-11-05,-11.10000177560988,10,34.33179064344604,7.454926417016821,1.0830966059714089,Tuesday,11,2024-11-05,True
BVS,2024-11-05,-4.028916361762239,29,34.937234968781965,8.314402014485928,3.5771155666505114,Tuesday,11,2024-11-05,True
RCRUY,2024-11-05,10.158097945211855,2,26.21726377749941,5.116916136780294,1.305469479593943,Tuesday,11,2024-11-05,True
AUR,2024-11-05,16.14946659318342,13,38.20861668326659,10.590222153057342,2.3308329516192163,Tuesday,11,2024-11-05,True
CLMT,2024-11-06,6.984132769951858,2,35.16340599418159,6.388030799211292,2.260658842444044,Wednesday,11,2024-11-06,True
EOLS,2024-11-07,-4.4644482760484685,1,32.32168555355254,5.734427968506861,0.6463279428202404,Thursday,11,2024-11-07,True
FNKO,2024-11-08,5.8538654525943805,21,34.25076607391955,4.921793321167503,2.8274697675441964,Friday,11,2024-11-08,True
QTTB,2024-11-08,-27.419385964306425,7,39.035590966467176,7.548189419701049,3.3180006241651974,Friday,11,2024-11-08,True
PRMB,2024-11-08,9.676528645446806,4,20.87719252023905,4.379080896582801,1.6064627874486033,Friday,11,2024-11-08,True
SSRM,2024-11-11,-3.8195617780117375,1,29.71886110693116,5.942937644698837,0.5001267185992212,Monday,11,2024-11-11,True
ANNX,2024-11-11,-21.84260828838784,7,34.21051285492375,4.800171239608211,3.382929194022257,Monday,11,2024-11-11,True
SKE,2024-11-11,17.072600035614673,29,20.73169517291092,5.24239671933027,3.505415093536456,Monday,11,2024-11-11,True
PRM,2024-11-12,9.994214080319482,8,38.05970507781127,4.68260429624816,4.074624735947781,Tuesday,11,2024-11-12,True
CMP,2024-11-13,6.446408629903989,2,38.17829371788216,5.759599876376061,0.6284449956820076,Wednesday,11,2024-11-13,True
BHVN,2024-11-13,-18.28956138138711,29,38.69210520711076,4.838983895650319,3.372470877364956,Wednesday,11,2024-11-13,True
AURA,2024-11-14,-15.129896531600432,20,36.23188591403983,5.959197048050643,2.54169174307904,Thursday,11,2024-11-14,True
AVBP,2024-11-14,-5.03846372305081,29,39.96655652173736,6.739983302332554,2.919530594900525,Thursday,11,2024-11-14,True
ABEO,2024-11-14,6.314491398658789,13,34.63686558228136,5.429249079268756,2.1037616374515125,Thursday,11,2024-11-14,True
SG,2024-11-14,12.121296100067015,5,39.79701415593227,7.692419136442137,1.00051426348541,Thursday,11,2024-11-14,True
SGMT,2024-11-15,19.15694487308824,12,32.880437227900075,11.469134672139594,1.293910033346257,Friday,11,2024-11-15,True
EWTX,2024-11-15,9.524677911671684,31,39.09395815530731,5.892279200906832,5.0783634253884,Friday,11,2024-11-15,True
LPTH,2024-11-15,9.105751240184814,7,29.310357586058075,5.474619065109904,1.0550977020980046,Friday,11,2024-11-15,True
AEVA,2024-11-15,8.4106840107553,7,33.18385643774373,8.09691878662137,1.6890989804913954,Friday,11,2024-11-15,True
REPL,2024-11-15,26.44000058809916,7,35.01198370886205,6.483844366221117,2.00712568431092,Friday,11,2024-11-15,True
NRIX,2024-11-15,-9.048039612601846,18,35.44929538004922,6.9303592650496455,1.404419247487558,Friday,11,2024-11-15,True
CART,2024-11-18,9.554963746855146,16,36.96106141510691,4.627245546109606,2.272012255947089,Monday,11,2024-11-18,True
ULCC,2024-11-19,18.67257667634585,22,37.83784025363067,8.541936652292424,0.7071225142400325,Tuesday,11,2024-11-19,True
ZIM,2024-11-25,-11.075304210530108,7,38.78261084062718,7.4208056487067315,1.3361658850830245,Monday,11,2024-11-25,True
CRVS,2024-12-04,-41.62802035376212,14,39.8058253321883,8.183496060944693,5.391283808402011,Wednesday,12,2024-12-04,True
S,2024-12-05,-11.598795588622057,13,39.0997352125012,5.07405772057758,1.4598289822061072,Thursday,12,2024-12-05,True
NEXT,2024-12-09,-6.57343980857464,9,28.97726249082531,4.536702994350184,0.9076419287853282,Monday,12,2024-12-09,True
LIND,2024-12-09,-5.211164262766906,30,39.30231792306448,5.2729441985282826,4.2765784306391925,Monday,12,2024-12-09,True
FLYW,2024-12-10,-12.975064327459156,31,33.333333256325645,4.100216915157155,2.958101521530146,Tuesday,12,2024-12-10,True
AMLX,2024-12-10,-22.57228774826721,31,36.398476337521046,9.81845546135219,3.382170467373125,Tuesday,12,2024-12-10,True
ZVRA,2024-12-12,-8.959002465655013,33,37.80917732781085,5.106935705839458,3.5243083064904277,Thursday,12,2024-12-12,True
ZYME,2024-12-12,13.098893186132964,11,37.44075399257701,5.515951698105687,1.6164517430320209,Thursday,12,2024-12-12,True
UAA,2024-12-13,-8.364361322392238,26,38.04714597643349,5.419065343032139,1.7651843346079794,Friday,12,2024-12-13,True
CMP,2024-12-13,-13.509806035356196,6,33.01343427678067,6.221236668197888,1.334821376920066,Friday,12,2024-12-13,True
TTI,2024-12-13,4.577824356323298,5,30.851074972833477,4.872290587801139,1.3920783463217583,Friday,12,2024-12-13,True
UA,2024-12-13,-5.694500714540482,6,34.873944492169755,4.86275392288248,1.195138907158525,Friday,12,2024-12-13,True
ACRS,2024-12-16,-17.070529592403695,31,28.054300563870044,11.987659265689125,3.821626947095381,Monday,12,2024-12-16,True
CLMT,2024-12-16,7.770220938642349,2,31.86814560610924,5.697925395944415,2.0449780416106136,Monday,12,2024-12-16,True
MAMA,2024-12-17,-9.281818181818185,2,35.57951524483228,6.923231269898531,0.8920339645293728,Tuesday,12,2024-12-17,True
CLMT,2024-12-18,6.079976879393217,13,38.62434803054886,5.938231961297564,2.2597236984157334,Wednesday,12,2024-12-18,True
SPIR,2024-12-18,17.76762442819563,8,17.086329102947715,6.94839037038051,1.90004291399652,Wednesday,12,2024-12-18,True
UNIT,2024-12-18,7.052265731083055,30,39.54802754163284,4.850546851703984,3.511869538262206,Wednesday,12,2024-12-18,True
MGTX,2024-12-18,6.454295911578718,2,37.80068580823854,6.280054457740526,2.323530319710517,Wednesday,12,2024-12-18,True
PBI,2024-12-18,2.139250612991877,34,27.55100680590453,4.480197548388146,1.7801021395082282,Wednesday,12,2024-12-18,True
AEVA,2024-12-18,12.90698702062924,5,26.530621985358565,9.007089401906553,1.3351824535726422,Wednesday,12,2024-12-18,True
TTI,2024-12-18,-4.150843732379586,5,34.951468645348385,5.286138160510472,0.6430489360035107,Wednesday,12,2024-12-18,True
PACK,2024-12-18,-9.406741100050862,20,35.9223410895665,4.612933511166703,1.6336659781727574,Wednesday,12,2024-12-18,True
AVBP,2024-12-18,8.122413427586162,16,33.06369442093853,5.925901265781701,0.99058072050049,Wednesday,12,2024-12-18,True
CTOS,2024-12-18,4.161539305707235,34,7.194267730793456,5.021307266163849,1.7748342046157908,Wednesday,12,2024-12-18,True
ABEO,2024-12-18,6.285513645927324,15,11.000013197440254,4.337063207690544,0.8463821976168875,Wednesday,12,2024-12-18,True
DRS,2024-12-18,8.808507524120559,27,39.88005718432439,4.33486476592874,2.327712368512848,Wednesday,12,2024-12-18,True
BLFS,2024-12-18,5.514857881144848,2,35.190208803377345,5.608839546905629,1.0351474876704907,Wednesday,12,2024-12-18,True
LFST,2024-12-18,3.759362785839985,8,39.999995192025786,4.375824778291118,2.3132187608954387,Wednesday,12,2024-12-18,True
GEO,2024-12-18,5.916362276160489,1,34.45040221721199,5.301545389945352,6.953561304581191,Wednesday,12,2024-12-18,True
BVS,2024-12-18,-10.180579648841109,20,29.80768779875024,6.004134161958031,1.8573437307102696,Wednesday,12,2024-12-18,True
CORZ,2024-12-18,5.469070302165601,34,31.307335950223248,8.150853117548255,2.60355833053485,Wednesday,12,2024-12-18,True
TALK,2024-12-18,1.4165110657472773,34,33.03569980788886,5.836078856786262,3.432873057231212,Wednesday,12,2024-12-18,True
OMCL,2024-12-19,-4.183398246493902,34,34.93149998186756,4.143309250700825,2.9808005175478973,Thursday,12,2024-12-19,True
SMTOY,2024-12-19,8.41399191822452,34,39.99999915471657,5.09623574320749,1.6955483098885813,Thursday,12,2024-12-19,True
TEO,2024-12-19,13.241864591963754,8,33.57531155074773,8.013385967210375,3.255120746670185,Thursday,12,2024-12-19,True
VCEL,2024-12-19,4.234140387660711,4,32.05850682862523,4.524742711800597,2.723219944274053,Thursday,12,2024-12-19,True
WTTR,2024-12-19,14.724824403277534,27,19.47367713812521,4.051721942221582,1.7943347558838605,Thursday,12,2024-12-19,True
MGNI,2024-12-19,6.491773010653314,12,38.6411820525268,4.836275929847028,2.5428060214457933,Thursday,12,2024-12-19,True
NEO,2024-12-20,6.347376730183731,17,33.939394777519865,4.227996330555035,1.7952931075299174,Friday,12,2024-12-20,True
SGHC,2024-12-24,6.908272636698679,29,31.016050048337704,4.374757959432246,7.533993732276795,Tuesday,12,2024-12-24,True
RNG,2024-12-27,-8.942286885090036,14,26.70454870314491,4.201287987949247,1.815499499734615,Friday,12,2024-12-27,True
EVC,2024-12-30,4.344810859362917,7,32.25806502819228,5.356608785165172,1.4395325609640397,Monday,12,2024-12-30,True
TBLA,2024-12-30,6.365243348800181,7,33.67346841020755,4.163937843501939,1.4500555972151503,Monday,12,2024-12-30,True
SKE,2024-12-30,5.334068697617049,3,37.547893638877525,4.454816813750984,2.8304781472026885,Monday,12,2024-12-30,True
EWTX,2024-12-30,-10.926651832281344,11,39.83402097045039,7.300168946530388,1.2654464602565478,Monday,12,2024-12-30,True
VCEL,2024-12-31,3.239464149313833,2,36.99704177908747,4.139599921398029,2.8129551648061395,Tuesday,12,2024-12-31,True
VCEL,2025-01-02,2.5807392971127943,1,35.99203434365468,4.13584600846974,2.868556889926928,Thursday,1,2025-01-02,True
AUR,2025-01-02,48.112300522793326,5,34.98818661534966,9.324962765678029,2.233501815168049,Thursday,1,2025-01-02,True
FSLY,2025-01-02,11.091627934994834,21,31.891902777825702,6.665345605418029,2.6214750230632893,Thursday,1,2025-01-02,True
PRM,2025-01-06,5.8971989329094034,2,38.157909420994216,4.076412568437798,1.831676604112273,Monday,1,2025-01-06,True
FIVN,2025-01-07,-6.73074918764774,9,28.247148186061352,4.012488436718896,1.420658164909941,Tuesday,1,2025-01-07,True
PRM,2025-01-08,6.150074979660778,2,35.05745600364213,4.653102083572915,1.2966372183376775,Wednesday,1,2025-01-08,True
NVCR,2025-01-08,-23.21397399751378,30,29.004613289199497,5.665196712922141,5.427008501800823,Wednesday,1,2025-01-08,True
WBD,2025-01-10,11.010429273397492,21,31.47409902024532,4.579256171050998,2.6676397996974845,Friday,1,2025-01-10,True
HAPN,2025-01-10,10.833136666193225,7,37.61329730230384,6.093217474340467,2.814740063729257,Friday,1,2025-01-10,True
TBLA,2025-01-10,8.294323780583248,20,28.947372015557093,4.322763700489855,0.5484909108681307,Friday,1,2025-01-10,True
QURE,2025-01-10,20.555392825670125,27,38.80421712369837,10.362352699209763,4.316932363754812,Friday,1,2025-01-10,True
PRCH,2025-01-14,6.295739000297015,29,39.80582371397424,11.13803185096875,4.0498738270531085,Tuesday,1,2025-01-14,True
MGTX,2025-01-14,6.197410156069556,3,39.56043436165133,6.739926391335661,1.7519779799187882,Tuesday,1,2025-01-14,True
ZVRA,2025-01-16,4.990266887807662,11,38.85135122201856,5.103183119562385,1.1735123763251278,Thursday,1,2025-01-16,True
MGNI,2025-01-16,7.520139346050287,6,38.10408342008224,5.112012603914298,1.1911061958859854,Thursday,1,2025-01-16,True
TRVI,2025-01-17,8.275559951081064,17,38.09524021585803,8.354844910050026,2.004506407824172,Friday,1,2025-01-17,True
YPF,2025-01-24,-11.370454396019603,31,33.30274570086121,4.257726032631444,7.166238510327693,Friday,1,2025-01-24,True
AEVA,2025-01-27,12.275258240050112,4,20.918364094405533,8.15252533705737,1.4669256697022637,Monday,1,2025-01-27,True
AIP,2025-01-27,10.00822667134429,3,29.645087582738896,7.313855061594674,2.5860393860279176,Monday,1,2025-01-27,True
ACRS,2025-01-28,5.233886291002133,3,33.3333322222212,7.959699296775271,2.5286031955657164,Tuesday,1,2025-01-28,True
KOD,2025-01-28,-32.64615692004493,23,35.51637463937597,11.612904948726491,2.966784932959197,Tuesday,1,2025-01-28,True
TENX,2025-01-29,4.27503005481204,5,39.16084670568477,5.498677138354534,4.882525323309517,Wednesday,1,2025-01-29,True
EXTR,2025-01-29,-3.6841482219084583,5,33.07691693893565,4.102886448890177,0.6769449704297053,Wednesday,1,2025-01-29,True
HAPN,2025-01-29,-10.3147020138136,5,36.14814968486984,6.27911177125588,1.5462697915383474,Wednesday,1,2025-01-29,True
PUMP,2025-01-30,-9.321306193834934,26,36.77418861890254,4.831481762153222,1.67245441356532,Thursday,1,2025-01-30,True
AIP,2025-02-04,-12.529421729289272,27,36.70032828895834,8.206033552732201,1.2894009748558153,Tuesday,2,2025-02-04,True
BBAR,2025-02-04,5.840634082837752,2,39.82683583462996,6.278849366898581,5.4477935444726375,Tuesday,2,2025-02-04,True
TENX,2025-02-04,7.382067263708689,1,27.46115716381243,5.7713591901787735,4.206135122167305,Tuesday,2,2025-02-04,True
GEO,2025-02-04,-10.27394683265587,29,38.42143918907773,6.06151033372063,4.925077280687518,Tuesday,2,2025-02-04,True
TEO,2025-02-05,9.248834200810684,20,33.70287679926541,6.617951197244677,2.5246393430852416,Wednesday,2,2025-02-05,True
DRTS,2025-02-05,-15.546084358958137,29,34.50291839430459,8.63129601230157,2.573105549713665,Wednesday,2,2025-02-05,True
AXGN,2025-02-10,3.1995342721608013,4,34.86681790492459,4.620572978418813,4.989787685890542,Monday,2,2025-02-10,True
QURE,2025-02-10,-8.549415794090807,29,38.26247897875816,7.926336386268627,4.257279033062597,Monday,2,2025-02-10,True
VIR,2025-02-10,-13.72591089367518,17,39.78388480956576,8.422221954262813,1.0170830351301825,Monday,2,2025-02-10,True
BBAR,2025-02-10,-16.062495743675896,29,35.861317714863304,6.617456494499178,4.691045675982918,Monday,2,2025-02-10,True
NVCR,2025-02-10,-3.1993054519777617,15,12.605639548058916,5.721473423402615,0.6508169637993735,Monday,2,2025-02-10,True
ACRS,2025-02-11,-11.552272481218848,16,31.818182398424057,8.131095600413513,1.1646276399134483,Tuesday,2,2025-02-11,True
NEXT,2025-02-12,9.91520578134236,6,36.96276614929229,5.643786574411228,2.4386839408792844,Wednesday,2,2025-02-12,True
DRS,2025-02-13,-9.798601265801013,1,27.836038614549707,4.015784635449171,0.8411043529049935,Thursday,2,2025-02-13,True
RCRUY,2025-02-13,-4.853499766095438,8,35.88958071761921,5.188247830101219,0.739009194241186,Thursday,2,2025-02-13,True
LPTH,2025-02-13,-30.345260489455796,25,39.08045772321053,11.240246095773944,2.864809812859909,Thursday,2,2025-02-13,True
VCEL,2025-02-20,-8.826979047120815,7,34.14634382147078,4.299995451554919,1.31213627184319,Thursday,2,2025-02-20,True
CTOS,2025-02-20,-6.860003308057652,4,38.497653169939454,4.828835310838525,1.2980477888592894,Thursday,2,2025-02-20,True
JBIO,2025-02-20,4.847245763998783,4,24.999988131362585,4.261361037821404,1.2221005982252404,Thursday,2,2025-02-20,True
AEVA,2025-02-21,-6.587467890475509,4,37.77779033713946,7.069728738312425,0.5486695304987279,Friday,2,2025-02-21,True
WRBY,2025-02-21,-15.964947050877024,20,20.583475513420424,4.918468548301547,3.643577078154353,Friday,2,2025-02-21,True
PL,2025-02-21,-23.91870982442893,28,33.033025927942035,9.472488637479524,3.5848101212200736,Friday,2,2025-02-21,True
NEXT,2025-02-25,10.466477928734172,3,34.11079538206293,5.835840270453893,1.794186798731462,Tuesday,2,2025-02-25,True
SGHC,2025-02-25,-7.884614412649822,28,30.80806112947664,4.501101638583388,6.9035068273394256,Tuesday,2,2025-02-25,True
PRCH,2025-02-25,27.740368166099373,1,33.840303588743,10.384725285456277,2.082501736334077,Tuesday,2,2025-02-25,True
YPF,2025-02-25,-11.086896961165907,13,31.707316158720573,4.840921709965261,2.625212205381472,Tuesday,2,2025-02-25,True
RSI,2025-02-25,-12.755312975704236,2,36.011084214241066,6.486468808758393,1.129522487419416,Tuesday,2,2025-02-25,True
FNKO,2025-02-25,-9.592308071930606,6,34.659085537361136,4.1710409279898215,2.181392733013517,Tuesday,2,2025-02-25,True
FIVN,2025-02-25,-6.725868345960838,3,33.36151742600784,6.044638975761858,0.9950924540461114,Tuesday,2,2025-02-25,True
SMTOY,2025-02-25,5.479362683694792,10,25.95629175949695,4.002343128776346,0.8158004860294936,Tuesday,2,2025-02-25,True
TTI,2025-02-25,-16.525118380642372,7,32.63159643041604,4.908437125547798,2.440463169558237,Tuesday,2,2025-02-25,True
PCRX,2025-02-25,3.843760074847096,1,39.31133479977176,4.472273531778086,5.864138255844628,Tuesday,2,2025-02-25,True
REPL,2025-02-27,-7.276418212182604,7,36.71947801953525,7.361653260025134,0.916022387655246,Thursday,2,2025-02-27,True
NVST,2025-02-27,-4.425378281196577,4,33.040403566337034,4.164329015584703,0.6441485590251016,Thursday,2,2025-02-27,True
AAL,2025-02-27,-8.313003260936133,5,15.718192282082626,4.126619823826015,1.2783007635726902,Thursday,2,2025-02-27,True
EFXT,2025-02-27,-4.012979458692771,4,19.591823276857284,4.320383580959515,0.5695238646039097,Thursday,2,2025-02-27,True
BFLY,2025-02-27,-32.071583138987044,11,37.45318449475357,9.888131692126766,3.1791753027704384,Thursday,2,2025-02-27,True
ULCC,2025-02-28,-16.36437489892046,10,29.263561872101363,7.746911981125451,2.126294989388529,Friday,2,2025-02-28,True
MGNI,2025-02-28,-7.0416033302765815,3,11.538477190565304,6.88122184068711,0.7079702152239419,Friday,2,2025-02-28,True
PCRX,2025-02-28,3.3723103409387702,28,35.93963351591431,5.423456012076528,4.167876367660728,Friday,2,2025-02-28,True
RELY,2025-03-03,-10.995370884437246,28,36.71874262509169,4.176155857368163,4.956807179897881,Monday,3,2025-03-03,True
BB,2025-03-03,-14.30888165172921,28,34.50135242879493,8.611138321833474,3.4127893103098104,Monday,3,2025-03-03,True
SKE,2025-03-03,9.925987151760332,14,23.287677944007925,5.183420550079719,1.328709832453948,Monday,3,2025-03-03,True
GTES,2025-03-03,-3.396796951293948,1,28.25719315490683,4.008669893574649,0.5471474154047767,Monday,3,2025-03-03,True
UNFI,2025-03-04,-3.078354608157128,28,39.823713862801824,5.294457862623866,3.991762992827586,Tuesday,3,2025-03-04,True
GRND,2025-03-06,15.306772333276006,18,33.1408842969812,5.795810782718706,1.0882007263097389,Thursday,3,2025-03-06,True
ADTN,2025-03-06,-18.26814117147304,28,13.521998938810723,7.25747720113964,2.606350559244104,Thursday,3,2025-03-06,True
LTH,2025-03-07,7.988914722261676,17,33.802814961962625,4.2614551027364085,2.9981682881907927,Friday,3,2025-03-07,True
GEO,2025-03-07,10.449480285236396,7,30.58542160511317,7.599006014076794,1.2967786007985742,Friday,3,2025-03-07,True
UTI,2025-03-07,5.828313869277904,5,38.92821224735636,4.967123467591554,3.5735741317044685,Friday,3,2025-03-07,True
NEXT,2025-03-07,9.864602564040824,11,38.15217461944989,7.653658098537555,0.953253658520039,Friday,3,2025-03-07,True
PGNY,2025-03-07,7.501429812318719,20,34.08162349955539,5.075955915705782,1.6668572544426348,Friday,3,2025-03-07,True
ADPT,2025-03-07,9.95990022977064,14,21.511592110890533,9.468419737040888,2.1228701417568208,Friday,3,2025-03-07,True
LION,2025-03-07,-12.301606929404528,27,27.777774618289516,4.639808488083263,2.246551763334449,Friday,3,2025-03-07,True
MGTX,2025-03-10,26.702460189970672,3,37.99655275356802,7.102599210437943,1.1569423937931702,Monday,3,2025-03-10,False
PRMB,2025-03-10,10.520284452115522,14,31.835659313041788,4.325658091373617,1.4113059117301108,Monday,3,2025-03-10,False
HIMX,2025-03-10,-14.819509901100314,21,34.751769334980835,10.549843494330045,1.6777093342784613,Monday,3,2025-03-10,False
PBI,2025-03-10,-13.570724687702784,25,25.5033590213924,5.05819928992549,3.15170700854055,Monday,3,2025-03-10,False
CEVA,2025-03-10,-6.38176365122331,11,38.78127486146853,7.43453472048344,0.9587618689944362,Monday,3,2025-03-10,False
SMERY,2025-03-10,13.2782892285097,2,31.62261508654551,6.537200468583371,2.652505506014127,Monday,3,2025-03-10,False
ALM,2025-03-10,24.874244492513004,8,32.74440392822969,9.029282800227117,3.468374202468431,Monday,3,2025-03-10,False
RNECY,2025-03-11,-12.014718521651943,20,31.178699750936744,4.924170433579803,1.1215208005226152,Tuesday,3,2025-03-11,False
CRSR,2025-03-13,-26.25215959399685,21,32.38094814254943,7.170716036819509,3.1070129009936904,Thursday,3,2025-03-13,False
PGEN,2025-03-26,-27.5018666619674,13,32.89473664892414,9.282911290279891,3.000682899997088,Wednesday,3,2025-03-26,False
CRNC,2025-03-27,-10.530435848201948,7,34.89932727360926,10.39467052034034,1.1317155201357345,Thursday,3,2025-03-27,False
BB,2025-04-01,-16.00187429601002,2,29.220776341336943,6.602505848423151,1.4257863575928806,Tuesday,4,2025-04-01,False
SGHC,2025-04-03,6.49156482928928,5,39.999994685923625,5.0869624182507,1.5848626431051127,Thursday,4,2025-04-03,False
TENX,2025-04-03,-11.022501587867737,7,39.98046013731981,7.219822149693751,1.5581793256395933,Thursday,4,2025-04-03,False
SMERY,2025-04-04,18.476579744477363,5,20.517030777387205,5.914400531658823,0.9112048778669092,Friday,4,2025-04-04,False
SSRM,2025-04-04,15.515844674258853,7,22.70115122392211,6.262087101056708,2.9338203696884086,Friday,4,2025-04-04,False
RYCEY,2025-04-04,22.119353777968893,24,20.424377676561733,4.895193707687244,1.5875580521089934,Friday,4,2025-04-04,False
TRVI,2025-04-04,5.624745246406583,19,38.33334064662018,7.44448314645807,4.751794958653647,Friday,4,2025-04-04,False
LTH,2025-04-08,8.370578494447766,1,33.15954379495304,5.758159853547384,0.8590847392478206,Tuesday,4,2025-04-08,False
PRMB,2025-04-21,-1.9363170413483792,28,32.77132498697766,4.357304358108788,1.4462809652937627,Monday,4,2025-04-21,False
GRPN,2025-05-05,11.230750880386845,3,31.24999578483248,7.214189163661404,3.452947090113832,Monday,5,2025-05-05,False
ALM,2025-05-12,6.5497537978014,3,39.05390711095912,7.140599558351584,5.319420125862306,Monday,5,2025-05-12,True
PCRX,2025-05-13,9.015136003333463,2,36.607140500089095,5.925316924689278,1.2374826839755857,Tuesday,5,2025-05-13,True
SKE,2025-05-14,7.974040962793253,6,38.76501291646812,5.828175204993248,1.7947652523202515,Wednesday,5,2025-05-14,True
PGNY,2025-05-19,4.555704934763364,16,37.05673545797789,4.171777581886551,2.2967919854527588,Monday,5,2025-05-19,True
TRVI,2025-05-21,5.80935845840856,9,30.85104795010893,6.5750761659097,3.953834292767769,Wednesday,5,2025-05-21,True
GTX,2025-06-02,4.995983393150895,29,30.022069153239077,4.496868037160273,2.1497889060583355,Monday,6,2025-06-02,True
TRVI,2025-06-03,6.927322166180716,1,39.232407933457424,8.631446043371719,2.364294476015413,Tuesday,6,2025-06-03,True
UTI,2025-06-10,6.330031126299296,13,32.47232813015303,4.329907275613574,3.7453378958892665,Tuesday,6,2025-06-10,True
PCRX,2025-06-11,-4.673747516881285,20,31.854842961414803,4.210451205482976,1.399069865561875,Wednesday,6,2025-06-11,True
CGNT,2025-06-11,-6.665343325743091,2,28.787883561218848,5.005345479595298,0.9460308414331376,Wednesday,6,2025-06-11,True
TSHA,2025-06-20,8.713839601771204,21,34.37501243694295,9.035452947268489,2.1341707113217443,Friday,6,2025-06-20,True
ABEO,2025-06-20,-5.627499191441218,11,38.255045869722096,5.980146294650006,0.7260391365744673,Friday,6,2025-06-20,True
ATAI,2025-06-23,13.029332161816818,4,34.4370896423336,10.006174393228122,1.7609588332648385,Monday,6,2025-06-23,True
TRVI,2025-06-25,9.72844552257029,14,32.62548483043501,7.188528627540348,1.523276185164759,Wednesday,6,2025-06-25,True
BCRX,2025-06-27,-9.165376394175611,24,10.747680140601531,4.268576239444489,2.2208936083589967,Friday,6,2025-06-27,True
TK,2025-07-02,-4.831130758345373,29,34.798533468439075,4.4261137485316295,0.9113088666056076,Wednesday,7,2025-07-02,True
UTI,2025-07-08,1.3559812175262678,28,38.66943576896991,4.31123915866984,1.979872515586529,Tuesday,7,2025-07-08,True
NVTS,2025-07-11,14.682361075048952,7,35.9036121217607,10.307327774720552,3.786540204177484,Friday,7,2025-07-11,True
GRPN,2025-07-15,7.721841011920945,7,36.924281331293066,5.38923691980647,7.5889645329512945,Tuesday,7,2025-07-15,True
ADPT,2025-07-18,9.165019864236791,18,28.787891801753688,5.283167465835527,3.538335366466689,Friday,7,2025-07-18,True
LIND,2025-07-28,6.917765353276778,7,32.70441821538128,4.163243266858598,1.8915127845180435,Monday,7,2025-07-28,True
PSNL,2025-07-29,-21.236285488050527,8,25.76687392652866,7.88214275121849,1.2955951431340107,Tuesday,7,2025-07-29,True
GRPN,2025-07-29,23.86118237893889,9,26.90219866723029,5.603645008666862,6.0484017570654665,Tuesday,7,2025-07-29,True
SLS,2025-07-29,13.307185171098473,24,34.78261249688582,7.9728314632283634,2.033533626628656,Tuesday,7,2025-07-29,True
SKE,2025-07-30,13.323662103355383,8,30.818963386639524,5.238780042696433,2.869815512105088,Wednesday,7,2025-07-30,True
EVC,2025-07-30,6.379318306135759,7,29.333349739977123,4.682709578332464,1.0486289757233085,Wednesday,7,2025-07-30,True
CIFR,2025-07-30,12.86032461718724,19,38.34808745810379,9.702382983800495,2.268114316788866,Wednesday,7,2025-07-30,True
DRS,2025-07-30,-2.995543129853115,28,38.40803240520058,4.022868530884621,3.064235169318328,Wednesday,7,2025-07-30,True
MAMA,2025-07-30,1.8266118603625132,28,39.69465655430171,4.9148023494551945,2.509831017029988,Wednesday,7,2025-07-30,True
APPS,2025-07-30,8.311479980945592,1,39.24731525395891,8.700216028230525,2.655719494479233,Wednesday,7,2025-07-30,True
TGB,2025-07-30,8.968244998862504,8,22.5490163192611,5.759384400729474,4.028207894978152,Wednesday,7,2025-07-30,True
CLSK,2025-07-30,-18.220493918113284,20,33.105024713672535,7.049881200824169,2.194519805117381,Wednesday,7,2025-07-30,True
HBM,2025-07-30,25.946124307130148,14,20.863288516457445,4.167582409337644,1.6975115390844195,Wednesday,7,2025-07-30,True
LXU,2025-07-31,-4.464811422624847,7,33.191465505569425,5.095429539060563,0.6326853078519348,Thursday,7,2025-07-31,True
CVI,2025-07-31,9.370327990952983,27,21.993843526192023,4.704932584609313,3.839317788934667,Thursday,7,2025-07-31,True
SHLS,2025-07-31,7.399078554190769,5,38.72548878451277,6.316104390356443,2.560622401223995,Thursday,7,2025-07-31,True
MGTX,2025-07-31,8.57552716030137,13,30.66036771348369,5.520617241746556,2.5589954278846934,Thursday,7,2025-07-31,True
CORZ,2025-08-01,6.473165871636473,3,37.29048780257477,6.614447874813613,1.5936283775486333,Friday,8,2025-08-01,True
CALY,2025-08-01,19.361701660368137,6,39.19598542090949,5.517841225950368,1.505044447481904,Friday,8,2025-08-01,True
RIOT,2025-08-01,18.85164885840512,21,38.8888832384707,8.625156191705036,1.0654978285848202,Friday,8,2025-08-01,True
CLMT,2025-08-01,-7.542748718073581,7,36.27759477116065,4.795449056134738,1.0032619070793265,Friday,8,2025-08-01,True
SGMT,2025-08-01,14.452000461925168,6,35.76470851006526,10.599760736452152,3.7178655088621104,Friday,8,2025-08-01,True
AGIO,2025-08-01,10.129659608023514,21,29.080114287489224,5.159722055383602,1.2343596244578203,Friday,8,2025-08-01,True
IMMX,2025-08-04,9.200042268141678,1,38.54166791550532,8.24520673705067,2.1867153599665587,Monday,8,2025-08-04,True
PAYS,2025-08-05,-25.87654428605087,29,34.661359080950405,6.707374893677627,6.717548361253171,Tuesday,8,2025-08-05,True
COGT,2025-08-06,6.907740477840357,7,32.17392348926542,5.869210953778419,5.478636554645603,Wednesday,8,2025-08-06,True
LEGN,2025-08-06,-8.317210261029222,19,27.49244163632541,4.215877870081436,1.62812065996982,Wednesday,8,2025-08-06,True
NVRI,2025-08-06,10.12822848144152,7,31.48934441831463,4.53063703169174,1.135358923514886,Wednesday,8,2025-08-06,True
IMMX,2025-08-07,-18.173642168842843,20,30.1369891441734,10.117073974281553,1.2423317970895338,Thursday,8,2025-08-07,True
NEXT,2025-08-07,7.588856069005499,28,22.61482754091547,5.2693121399801415,3.712325569836193,Thursday,8,2025-08-07,True
SGHC,2025-08-07,7.027830674851369,6,21.7777527760652,4.0495817573520005,4.636333051870321,Thursday,8,2025-08-07,True
WBD,2025-08-07,1.9058179361699132,29,36.22290686035565,4.148200815563864,3.0838858149849124,Thursday,8,2025-08-07,True
MGNI,2025-08-07,5.97313127978094,7,30.855535746755194,4.593465135813742,4.980455280533112,Thursday,8,2025-08-07,True
ALOY,2025-08-07,-3.933183824571823,29,37.52969318505886,9.946045352392147,3.6206913205983056,Thursday,8,2025-08-07,True
SHLS,2025-08-07,-6.692451657758871,4,37.11340543082072,8.36785025749691,0.6804519740469134,Thursday,8,2025-08-07,True
GPRE,2025-08-07,10.869629947617709,4,38.98305367607392,5.722960747026378,2.784759912905733,Thursday,8,2025-08-07,True
AMLX,2025-08-08,5.792039939356802,4,39.52205465634631,5.885302403351782,6.132797375027663,Friday,8,2025-08-08,True
APPS,2025-08-08,-8.926893895837502,11,33.14606299619392,10.931972053815832,0.7449762313147998,Friday,8,2025-08-08,True
CALY,2025-08-11,11.733179523495467,2,37.47841665240236,7.416817443734287,1.189342474708944,Monday,8,2025-08-11,True
POET,2025-08-12,9.594117830203905,29,21.897808455729248,8.741361045912633,0.9543687747405422,Tuesday,8,2025-08-12,True
CMP,2025-08-12,-6.336483371215534,29,31.672006868768023,4.5963841984843565,4.4133090848919085,Tuesday,8,2025-08-12,True
ZVRA,2025-08-13,-11.853238022538674,26,27.600002211538357,7.464053284726238,1.010475681865381,Wednesday,8,2025-08-13,True
GRPN,2025-08-15,-18.42737109535619,20,39.73357390651645,8.406183271361769,2.527073249657767,Friday,8,2025-08-15,True
SGMT,2025-08-15,-17.262450193209197,31,29.01639906578029,10.476397580272463,3.01549100012644,Friday,8,2025-08-15,True
SLDB,2025-08-19,-5.88397222933367,29,26.909087115033387,7.681544212065027,3.116366636081496,Tuesday,8,2025-08-19,True
IMNM,2025-08-20,7.874470468083706,2,35.10970824882919,5.326471188843991,1.0266599919338446,Wednesday,8,2025-08-20,True
CMPS,2025-08-20,5.113310861018322,1,39.20000444377075,6.744946695465141,0.8287489313720003,Wednesday,8,2025-08-20,True
TOI,2025-08-25,0.0878959766693325,29,38.164250337556425,8.951261042318862,4.0012394241829785,Monday,8,2025-08-25,True
MGTX,2025-08-29,6.526140997477984,7,37.83783469663188,5.512173145878182,1.2412548595615045,Friday,8,2025-08-29,True
DFTX,2025-08-29,9.660623649834005,11,34.35753052909236,6.674110216018765,2.3510912853216017,Friday,8,2025-08-29,True
UMAC,2025-09-02,10.766098717162285,9,37.25835289477706,10.56158750703387,1.0648705663880138,Tuesday,9,2025-09-02,True
NVTS,2025-09-02,12.434917386723862,10,25.4098355994106,8.041080349542232,2.9740226010515163,Tuesday,9,2025-09-02,True
ABCL,2025-09-03,7.987292867286968,7,32.12120773271714,7.758312053772516,2.8105787309426,Wednesday,9,2025-09-03,True
AIP,2025-09-03,7.380182129115181,15,32.7077863289846,7.53883943456464,0.5992872431575167,Wednesday,9,2025-09-03,True
SKYT,2025-09-05,14.887841525037468,12,39.40455659446168,7.412042778078981,1.390688343596869,Friday,9,2025-09-05,True
CTOS,2025-09-09,6.344248548855369,9,37.93104362736245,4.486383712537345,2.7950162021719103,Tuesday,9,2025-09-09,True
TNGX,2025-09-10,6.9940544604254,1,39.89638531289433,6.849954845263421,6.016122719485904,Wednesday,9,2025-09-10,True
ABEO,2025-09-10,-12.438899921376636,5,36.09467308852551,4.322585176914044,2.2404499949491226,Wednesday,9,2025-09-10,True
GTBIF,2025-09-11,10.442680647850048,18,37.31714242424747,9.573757249920297,1.6708266671565444,Thursday,9,2025-09-11,True
TXG,2025-09-12,7.134427708282192,5,30.963298739762067,5.4406939746895855,2.461767915393127,Friday,9,2025-09-12,True
SLS,2025-09-15,-7.335714792049675,14,34.66665987365238,7.318494377642954,1.0296806070910245,Monday,9,2025-09-15,True
LIND,2025-09-15,-9.61586572762755,28,29.32165959644243,4.377709155979359,3.0297461811522983,Monday,9,2025-09-15,True
TRLV,2025-09-15,16.33612113758352,4,28.297352417631917,10.26758759659593,2.822620289646909,Monday,9,2025-09-15,True
CLYM,2025-09-15,13.511763561225653,4,31.818179658763583,8.254651152862145,3.361147073283888,Monday,9,2025-09-15,True
QURE,2025-09-16,-4.342366067912551,3,38.698632952304784,6.294058971487047,0.573263884351699,Tuesday,9,2025-09-16,True
SGMT,2025-09-16,14.317730079319546,8,34.2960274646171,8.371561284380645,1.1178394676114352,Tuesday,9,2025-09-16,True
SNDX,2025-09-17,8.015505808167543,15,35.887854271704015,5.37094873005304,3.0497616019528664,Wednesday,9,2025-09-17,True
MLTX,2025-09-17,8.571015725377572,8,38.806765237352806,5.0510173025154765,2.281359626015501,Wednesday,9,2025-09-17,True
ARKO,2025-09-22,5.685827674393311,1,36.92308216848241,4.092484542384965,0.520174062900224,Monday,9,2025-09-22,True
GPRE,2025-09-23,9.638960858570517,13,35.01945097025485,6.8773555965949225,4.622174618210112,Tuesday,9,2025-09-23,True
HPP,2025-09-24,6.815446179246059,7,39.0804640001842,4.663773267572833,0.61621998175943,Wednesday,9,2025-09-24,True
MGNI,2025-09-24,-23.455982422958293,16,38.96103595310746,5.829780806716229,3.4668570047011333,Wednesday,9,2025-09-24,True
TXG,2025-09-24,9.868691088372476,26,36.19745260416955,5.407936830704207,1.6585991501059512,Wednesday,9,2025-09-24,True
PGEN,2025-09-25,16.616977031409988,25,29.18659885458183,9.42151902685838,4.415910475287544,Thursday,9,2025-09-25,True
FTRE,2025-09-25,12.914674284407484,13,21.35304497263797,7.082684464483662,2.6642906025900093,Thursday,9,2025-09-25,True
DYN,2025-09-25,5.755882389061815,4,31.53152582043711,5.551536904885195,1.715485698041392,Thursday,9,2025-09-25,True
PRCH,2025-09-26,-4.408773011229133,28,30.061339317500185,5.05132662835221,7.068651303756819,Friday,9,2025-09-26,True
ULCC,2025-09-26,-10.088063754099949,4,39.09091455630993,7.180861552562141,1.257405268441253,Friday,9,2025-09-26,True
CLYM,2025-09-29,12.776959928306686,17,32.432433184409675,8.271985496666451,2.8661248260740178,Monday,9,2025-09-29,True
ALOY,2025-09-30,7.26296807446393,6,37.074401489724366,6.673338753536469,2.019954888794272,Tuesday,9,2025-09-30,True
RNG,2025-09-30,-4.430066181093662,7,38.30440062002342,4.11637246362073,0.7542275875437084,Tuesday,9,2025-09-30,True
HAPN,2025-09-30,10.07937777018383,21,37.34643065476049,4.380225077276807,3.946557301458309,Tuesday,9,2025-09-30,True
RSI,2025-10-01,-9.567178219809138,28,37.9200017705274,4.236905663058154,5.974811009555372,Wednesday,10,2025-10-01,True
TH,2025-10-01,-9.101977688033768,9,33.4661382989928,4.129822175649749,2.200847389562386,Wednesday,10,2025-10-01,True
ILPT,2025-10-01,-5.41999913396065,28,22.962941008771026,4.256275304609114,4.795604800743723,Wednesday,10,2025-10-01,True
CC,2025-10-07,-17.01550653567096,3,29.032262944454345,4.956165208178306,2.577668085212935,Tuesday,10,2025-10-07,True
TDAY,2025-10-07,-10.190002442873382,3,27.71082214090194,4.043558415745438,1.6660459762367985,Tuesday,10,2025-10-07,True
SVRA,2025-10-09,2.706444879995991,6,37.77777660246805,4.147942139228531,3.952264439903305,Thursday,10,2025-10-09,True
WBD,2025-10-09,11.163838256836636,12,30.51644338580553,4.96718255516176,6.750589284119522,Thursday,10,2025-10-09,True
CSTM,2025-10-10,5.162433149150442,4,36.84209733359581,4.304723551810853,2.635130993090055,Friday,10,2025-10-10,True
CRNC,2025-10-10,12.608540294182388,4,35.093163854436995,8.647909299351038,1.0005295116441095,Friday,10,2025-10-10,True
AXGN,2025-10-10,7.081642780076983,10,30.969257762947947,4.570724334786004,2.12197823542298,Friday,10,2025-10-10,True
CLMT,2025-10-10,4.14237128309755,3,33.2191752385299,4.196481889871833,4.190826713465491,Friday,10,2025-10-10,True
APA,2025-10-10,9.751294530699658,13,39.601494741092,4.770576968310148,2.2017245773831724,Friday,10,2025-10-10,True
CALY,2025-10-10,11.046187097139391,4,34.45693053113945,4.74076274623422,0.999623712763068,Friday,10,2025-10-10,True
DBRG,2025-10-10,6.516791926590725,3,21.634616782018117,4.243239169106521,1.7155470182787442,Friday,10,2025-10-10,True
ZETA,2025-10-10,5.826579525710799,28,27.615573196999108,6.845310481703429,2.116015155363725,Friday,10,2025-10-10,True
DRTS,2025-10-10,8.343036295633748,3,37.62375891228344,6.4734881848966825,2.70793813275722,Friday,10,2025-10-10,True
OBE,2025-10-14,-8.038561074165298,21,32.984284848026746,4.374400432409641,1.6723485827643365,Tuesday,10,2025-10-14,True
NE,2025-10-14,5.631162100045402,8,39.25437696120188,4.223486990728329,0.9760516714630028,Tuesday,10,2025-10-14,True
AMCX,2025-10-15,8.565065095091986,26,32.710295986375286,4.661129920657754,1.7217785794208866,Wednesday,10,2025-10-15,True
CVI,2025-10-16,7.047172581185193,6,33.03370087826603,4.295811519797265,4.840397146906779,Thursday,10,2025-10-16,True
FSLY,2025-10-17,7.349693388859181,10,37.06071001046647,5.934907749834174,1.4855825562053442,Friday,10,2025-10-17,True
DRTS,2025-10-17,9.15730012702943,4,34.177228448730006,6.975583753979378,2.259156226315,Friday,10,2025-10-17,True
DSGN,2025-10-17,13.170766263636782,10,39.16015762539745,9.756007802218615,2.0757925673568858,Friday,10,2025-10-17,True
SKYT,2025-10-17,15.439842651492604,7,38.26194294294647,11.457884452457211,2.8017705727271283,Friday,10,2025-10-17,True
PACS,2025-10-17,7.43916924195029,19,28.80437870187187,5.974563644979209,1.324902910978626,Friday,10,2025-10-17,True
SNDX,2025-10-17,8.055721664685855,3,35.03563692390513,5.942617025460251,2.1636219907660963,Friday,10,2025-10-17,True
HPE,2025-10-20,6.813089282510859,8,39.78235462936695,4.49305303086254,3.06135927781709,Monday,10,2025-10-20,True
CMP,2025-10-21,-4.279810389344359,6,38.82353198064478,5.008376130239461,0.5212027463011997,Tuesday,10,2025-10-21,True
TGB,2025-10-21,11.428360342979431,7,38.17204506654795,5.860462137747387,3.4888412682088448,Tuesday,10,2025-10-21,True
SGHC,2025-10-21,0.7165188643782742,28,29.84293574905084,4.8706433766657575,2.977333065533861,Tuesday,10,2025-10-21,True
GTBIF,2025-10-22,-9.77374443143592,15,35.93232477981323,10.208342147288493,0.9126611021741056,Wednesday,10,2025-10-22,True
UMAC,2025-10-23,18.527044055177285,1,26.16525819024858,11.921405871267323,2.011632065413988,Thursday,10,2025-10-23,True
SNDX,2025-10-24,13.705152392295233,11,25.470091985713708,7.517954065713332,1.0013638045807518,Friday,10,2025-10-24,True
TRLV,2025-10-27,-26.203983795603,18,35.07461955395959,9.680346050023791,2.5569216619074773,Monday,10,2025-10-27,True
BCAX,2025-10-29,9.7868541620587,23,38.09999370009023,7.895198196104998,2.7694352125849804,Wednesday,10,2025-10-29,True
SLDB,2025-10-30,-17.22626634615307,5,38.007380396875966,7.676386918524898,1.0751944699270175,Thursday,10,2025-10-30,True
OSCR,2025-10-31,-19.01450190544129,10,36.98482204640446,7.503675774818241,1.2196985069075308,Friday,10,2025-10-31,True
CTOS,2025-10-31,-9.528518279095463,20,35.64356247335506,5.309645699753104,2.019793901843227,Friday,10,2025-10-31,True
TILE,2025-10-31,9.02771557616751,25,35.48387506182597,4.033711433302342,1.6311654219247471,Friday,10,2025-10-31,True
RSI,2025-10-31,9.860689516127207,31,39.5021656263404,5.762940113642986,0.8525377787846753,Friday,10,2025-10-31,True
TSHA,2025-11-03,-9.1596433151173,29,36.34578054315997,9.22938883627466,3.841063987453789,Monday,11,2025-11-03,True
CMPS,2025-11-03,9.370255289807211,1,30.044848134494387,6.496066149349152,3.769572533438663,Monday,11,2025-11-03,True
SLS,2025-11-03,-7.455307151065741,1,37.50000236079975,8.70187179424637,0.5435588584278028,Monday,11,2025-11-03,True
ZVRA,2025-11-04,-7.3430011458703826,2,23.815787140447824,5.773732848306745,0.7903898862216707,Tuesday,11,2025-11-04,True
SKYT,2025-11-04,25.540249984874706,2,32.16449997013662,10.224556235637388,2.205238407476988,Tuesday,11,2025-11-04,True
AIP,2025-11-04,16.26080143013996,1,36.48124006099236,7.413174868694249,3.3606217901730853,Tuesday,11,2025-11-04,True
ABCL,2025-11-04,-25.84168438079218,9,28.421058656064844,7.445053274354034,2.829030701175277,Tuesday,11,2025-11-04,True
MRAM,2025-11-04,8.210358285260712,1,32.48731169741836,6.445930836639765,4.513242659049319,Tuesday,11,2025-11-04,True
COGT,2025-11-04,131.515272881451,6,29.037792818520984,6.304797040383541,4.722324314761051,Tuesday,11,2025-11-04,True
CEVA,2025-11-04,6.522349504399102,6,35.5458523723825,5.310389770301735,1.842421646032402,Tuesday,11,2025-11-04,True
AOSL,2025-11-04,-25.459885215320803,2,30.303032573761783,6.046340145533617,0.5130208472832875,Tuesday,11,2025-11-04,True
CLDX,2025-11-04,11.507356226101656,22,32.391527940390105,5.210993484821111,1.2954392759879296,Tuesday,11,2025-11-04,True
APPS,2025-11-04,34.56249858640338,1,31.818181119546523,7.210833202162484,2.4314331315401265,Tuesday,11,2025-11-04,True
CLSK,2025-11-04,-32.5966676842329,10,27.6711393726315,10.92754311786305,2.6404916908643026,Tuesday,11,2025-11-04,True
ASPN,2025-11-04,-42.99443531704001,2,33.60161566349888,7.626229446621956,0.9332649950632552,Tuesday,11,2025-11-04,True
OSS,2025-11-04,17.79047497529186,1,22.56945209574917,7.785115094335159,0.9312638454456778,Tuesday,11,2025-11-04,True
LAR,2025-11-04,17.83302446463012,9,28.29457646276326,8.921543797790129,2.700161191634534,Tuesday,11,2025-11-04,True
SVCO,2025-11-04,-6.515516035111664,2,39.88919395994437,7.659051214517127,0.5776180750787007,Tuesday,11,2025-11-04,True
MRVI,2025-11-04,13.775561733301467,7,33.76624311020839,6.77944364644185,1.983689676371461,Tuesday,11,2025-11-04,True
BRUN,2025-11-04,9.01187287747113,3,23.10305995941674,6.250185573659916,1.496412743171082,Tuesday,11,2025-11-04,True
SRTA,2025-11-04,6.3506510797482845,7,34.33736174012414,6.68552109627966,2.102950267342093,Tuesday,11,2025-11-04,True
HBM,2025-11-04,11.976359730823658,6,28.26855134544216,4.836386394797176,5.410167113027576,Tuesday,11,2025-11-04,True
BEAM,2025-11-04,16.1073364630962,29,37.33636913907813,8.26886308266216,1.4900322664001686,Tuesday,11,2025-11-04,True
SSRM,2025-11-05,18.415868338109856,23,24.183011295194877,6.949446651107107,2.7580130769098643,Wednesday,11,2025-11-05,True
APA,2025-11-05,6.395430816871818,1,39.01639622358195,4.14261257980114,1.9311483556670408,Wednesday,11,2025-11-05,True
ERAS,2025-11-05,8.359613407533548,5,34.579444838970815,7.682926818144277,3.39004345374624,Wednesday,11,2025-11-05,True
ATAI,2025-11-05,-1.9839268625466904,29,38.636360065226086,10.160036853885746,2.309248894594085,Wednesday,11,2025-11-05,True
AMLX,2025-11-05,8.518615868478241,14,23.705704703825177,6.23958988502679,5.817504278320048,Wednesday,11,2025-11-05,True
PSNL,2025-11-05,18.831212732000573,5,29.877110709500386,10.054233925109058,2.398869744647614,Wednesday,11,2025-11-05,True
CYRX,2025-11-05,13.906632307557624,29,30.465946742716422,8.15288236226954,1.1040475214518506,Wednesday,11,2025-11-05,True
CMPS,2025-11-05,3.2573782345455182,29,37.29282277513793,8.781383844087301,1.98175446485006,Wednesday,11,2025-11-05,True
ALM,2025-11-05,18.202629929500244,29,30.497588344582525,11.80759178041024,1.3695910787756649,Wednesday,11,2025-11-05,True
ABSI,2025-11-06,-26.635928472033736,7,29.82831693226196,8.923507315623906,1.7364126605482142,Thursday,11,2025-11-06,True
DFTX,2025-11-06,10.609284291823656,4,30.845771623451668,7.803380599247904,2.828858922063582,Thursday,11,2025-11-06,True
CLYM,2025-11-07,-10.572134027978224,25,24.742264770098146,9.646790921710211,1.061916073678397,Friday,11,2025-11-07,True
ADPT,2025-11-07,13.059209680613256,13,28.40909100653317,6.219881619005683,3.278616627650019,Friday,11,2025-11-07,True
RIOT,2025-11-07,-21.695236909853055,12,34.50092727510926,10.233271390949785,2.2671032936609383,Friday,11,2025-11-07,True
SHLS,2025-11-07,-11.862329023943731,31,32.53588986168556,8.118554995940116,3.983731516719992,Friday,11,2025-11-07,True
RLAY,2025-11-07,12.027427350905638,14,33.12693995991155,7.07356414247747,4.761530822851773,Friday,11,2025-11-07,True
ZYME,2025-11-07,12.36337615790901,4,33.96550978854475,4.925545581703782,2.9537028835055663,Friday,11,2025-11-07,True
TOI,2025-11-07,-13.303953242250488,6,32.225062148345955,8.920465226159765,1.0145555227473613,Friday,11,2025-11-07,True
BLFS,2025-11-07,-7.365987612311424,7,36.76268811325848,4.689555239791198,1.6312479497431502,Friday,11,2025-11-07,True
MRAM,2025-11-07,1.630482618504746,31,37.69676935008845,8.420283456147194,2.542884604633036,Friday,11,2025-11-07,True
KYIV,2025-11-07,8.36461864634086,3,36.20000665065033,6.1684072102586,0.5333219336899023,Friday,11,2025-11-07,True
MAMA,2025-11-12,3.430090086185564,13,38.4615205681437,4.199266953624477,3.6433540192074543,Wednesday,11,2025-11-12,True
WTTR,2025-11-12,4.891949013766767,26,35.35354783636747,4.139842992039375,3.339501751129774,Wednesday,11,2025-11-12,True
GBTG,2025-11-12,-5.486429751274743,6,39.00414192633031,4.3939668471885405,0.7522337831618081,Wednesday,11,2025-11-12,True
SFTBY,2025-11-13,-14.313081227892535,29,35.36754383147867,7.775590070421802,3.512527947128441,Thursday,11,2025-11-13,True
BB,2025-11-13,-8.237929020540284,12,29.90653958233554,4.303850653757266,1.4784936240405886,Thursday,11,2025-11-13,True
ANNX,2025-11-13,14.710446056685782,4,35.978833709986034,8.772146925784382,0.9407605612601334,Thursday,11,2025-11-13,True
AVTX,2025-11-13,12.535050204836034,4,26.64473523284768,9.296832697205236,4.476092719868988,Thursday,11,2025-11-13,True
PL,2025-11-13,12.89819560972136,21,32.9721377282809,8.232602796868814,3.9329032240550927,Thursday,11,2025-11-13,True
CEVA,2025-11-13,-5.723314151335279,4,34.427854152402375,6.323826151797728,0.750451245785586,Thursday,11,2025-11-13,True
CLMT,2025-11-13,5.618864548867224,18,24.355328009469574,5.433245560115909,2.562186361458301,Thursday,11,2025-11-13,True
TENX,2025-11-13,6.236007404019427,1,31.48149900235117,5.920577605567368,1.1634997999604386,Thursday,11,2025-11-13,True
BRUN,2025-11-13,-4.007291215640068,29,37.24102839079618,6.005830625832485,1.677610718747352,Thursday,11,2025-11-13,True
CORZ,2025-11-13,8.827907995842082,29,31.794422993226235,10.248255242080512,0.6955512768363834,Thursday,11,2025-11-13,True
MGTX,2025-11-14,5.9537962702366185,20,39.308172155277816,8.421495429176133,1.2241185657327676,Friday,11,2025-11-14,True
DRTS,2025-11-14,7.70673227179078,11,32.686345094261284,6.180814425491532,1.5824789401371826,Friday,11,2025-11-14,True
SRTA,2025-11-17,-9.628755457106829,3,39.74359185707503,7.505684281085154,0.8011900211174963,Monday,11,2025-11-17,True
CSTM,2025-11-17,7.364527853814451,8,28.070163611267134,4.452472675917672,1.7765693774379192,Monday,11,2025-11-17,True
UNFI,2025-11-17,9.502455390382458,15,32.0312447175167,4.176658682308533,3.607558659026633,Monday,11,2025-11-17,True
PACK,2025-11-17,-8.72025779097513,3,36.56249895528271,7.433834018505982,1.048052190720084,Monday,11,2025-11-17,True
XMAX,2025-11-17,7.1580234764364565,1,33.54035747855811,6.087918751816384,7.211213189902306,Monday,11,2025-11-17,True
WULF,2025-11-17,23.97037354472971,3,25.95870971912322,11.898633555834763,2.651761550674659,Monday,11,2025-11-17,True
HAPN,2025-11-17,9.42285301823478,9,39.51889787771467,5.687891663297508,2.433642033949728,Monday,11,2025-11-17,True
ACHV,2025-11-18,10.19375388407549,8,35.37736016666723,7.609164847266187,3.51284162726321,Tuesday,11,2025-11-18,True
DFTX,2025-11-19,10.923354875203898,7,31.07691438741421,7.943884644813935,1.9799605070758728,Wednesday,11,2025-11-19,True
NOKBF,2025-11-19,4.250989826608318,29,26.293107099062908,4.552914048050381,3.4968354597579263,Wednesday,11,2025-11-19,True
NOK,2025-11-19,5.598505680964958,29,25.877187044715512,4.791383933559557,3.097046852862764,Wednesday,11,2025-11-19,True
MRAAY,2025-11-20,7.84163342180865,6,17.412943936023623,4.194585970610954,3.108641695646377,Thursday,11,2025-11-20,True
HBM,2025-11-20,8.286018719750441,5,39.82807893572689,5.545203330077553,3.5801691941035294,Thursday,11,2025-11-20,True
SMERY,2025-11-21,3.755181696352145,4,39.89598849997335,4.4602706057793,2.162790360403848,Friday,11,2025-11-21,True
CVI,2025-11-21,-13.614643918251742,25,33.75174368028637,4.619227731363768,3.1667621977923077,Friday,11,2025-11-21,True
TALK,2025-12-02,7.007771322484588,9,29.464290287692226,5.58997550676697,1.3311012077439537,Tuesday,12,2025-12-02,True
IMAX,2025-12-03,6.055336776913058,1,35.77052230450907,4.097056231491707,2.7507746536854256,Wednesday,12,2025-12-03,True
UNFI,2025-12-03,0.0998153558281452,30,29.4911156601068,5.4712780767392974,1.5191924030027002,Wednesday,12,2025-12-03,True
BW,2025-12-05,11.179457554901536,4,36.43835652570605,11.556379828901605,4.912535433966126,Friday,12,2025-12-05,True
GPRK,2025-12-10,-2.5200829540295797,30,36.57587507055197,4.876977571313674,1.1072062803154787,Wednesday,12,2025-12-10,True
STAA,2025-12-10,8.292959342466387,7,39.45110875871129,5.704315893664331,0.5760708734404266,Wednesday,12,2025-12-10,True
TXG,2025-12-12,12.66228634163809,24,31.725878961276564,6.656374793342263,2.43331667357412,Friday,12,2025-12-12,True
AMLX,2025-12-15,11.225660073203604,30,22.83655232696671,6.757307008403679,2.9107835512767566,Monday,12,2025-12-15,True
TALO,2025-12-16,6.163237793684279,6,36.933792866450176,4.082795339060714,2.967346999695774,Tuesday,12,2025-12-16,True
GPRE,2025-12-16,4.395817574141399,2,39.11565136822477,5.598512468983218,2.0332378895786354,Tuesday,12,2025-12-16,True
CRVS,2025-12-16,-10.265493511141148,30,35.95166787716828,6.814232976395243,3.815358417589824,Tuesday,12,2025-12-16,True
XPRO,2025-12-16,14.883722196246431,20,34.90989693168389,4.693917163654762,2.180939945553793,Tuesday,12,2025-12-16,True
PSNL,2025-12-16,18.43422866988783,22,20.14784429360266,9.243303701441311,1.6278126051869504,Tuesday,12,2025-12-16,True
TEO,2025-12-17,-3.127796776919656,30,36.029403845091714,4.749243482428266,3.073002264029,Wednesday,12,2025-12-17,True
LAR,2025-12-17,10.236364841922397,2,31.603771572572512,8.703689601788998,3.2056182697986357,Wednesday,12,2025-12-17,True
FDMT,2025-12-17,-20.700649932668117,16,39.119805103664135,9.990705635829496,2.180963020650272,Wednesday,12,2025-12-17,True
KURA,2025-12-17,10.054957405046634,5,31.02725341004009,6.437532988204947,3.082620091129572,Wednesday,12,2025-12-17,True
FSLY,2025-12-17,-9.980424305985208,30,26.208648836251516,6.325283832815533,2.7442211039146955,Wednesday,12,2025-12-17,True
YPF,2025-12-17,5.305347756233476,2,35.590767254581934,4.103237920078379,1.21645191355488,Wednesday,12,2025-12-17,True
EWTX,2025-12-18,11.077129664808956,1,20.073431719991973,6.770599614900695,3.443735307470124,Thursday,12,2025-12-18,True
DYN,2025-12-18,8.704837790531359,4,35.622315445763945,8.108139849735245,2.81336265997596,Thursday,12,2025-12-18,True
TNGX,2025-12-18,13.710424590796483,19,16.981134921449325,7.820853978431737,2.453886740028512,Thursday,12,2025-12-18,True
GPRE,2025-12-19,4.773748754389687,4,35.932199055025734,5.362778938641343,1.7522929098678257,Friday,12,2025-12-19,True
LILAK,2025-12-22,-3.3056909166124964,8,25.681804599256665,4.326790587889049,0.8898441116133377,Monday,12,2025-12-22,True
KYIV,2025-12-22,-8.048739589509758,23,39.51807497990324,5.963330816650707,1.3202985080843943,Monday,12,2025-12-22,True
MRVI,2025-12-24,7.504410876713531,12,31.13207803120233,5.885658587647794,2.445766752196316,Wednesday,12,2025-12-24,True
BCAX,2025-12-24,5.202810763630797,16,35.363454865494816,6.217683125949444,3.5909440380753286,Wednesday,12,2025-12-24,True
COGT,2025-12-31,10.03749868789236,15,37.40510965948683,5.749521524755633,8.556708373642103,Wednesday,12,2025-12-31,True
SVRA,2026-01-02,12.792316316446392,20,20.982123149213532,6.445501451812984,5.321210609769852,Friday,1,2026-01-02,True
ACRS,2026-01-02,7.032339873369942,18,31.25000082235665,6.292573892614947,4.579546141175261,Friday,1,2026-01-02,True
REPL,2026-01-02,-18.1595449087398,13,34.30420826277084,5.748461942988159,2.224792486216867,Friday,1,2026-01-02,True
ALMS,2026-01-02,147.5583020784456,4,22.31489800699173,7.614134297798205,5.444144442161456,Friday,1,2026-01-02,True
AVTX,2026-01-02,-8.241309057485152,31,34.98189852467573,7.819806339576941,4.049972119267276,Friday,1,2026-01-02,True
TRVI,2026-01-02,-8.013879546205043,31,31.920917146327483,5.5950253407548525,4.239568945683781,Friday,1,2026-01-02,True
TSHA,2026-01-05,13.42644468108614,2,30.263149178233647,6.671357147602819,3.6679711265497006,Monday,1,2026-01-05,True
NRIX,2026-01-05,8.322059563586862,2,32.444452632227595,5.635813091512661,5.164432071569961,Monday,1,2026-01-05,True
TALO,2026-01-05,5.0902039807404345,8,39.77272188066062,4.021159195616068,2.4731585075096123,Monday,1,2026-01-05,True
JBIO,2026-01-05,16.031848461804003,10,36.78978217899612,8.645564124205835,2.9494599850393244,Monday,1,2026-01-05,True
VSTS,2026-01-05,7.886775629645689,1,25.31644281265362,5.856323993784547,2.2838222751071897,Monday,1,2026-01-05,True
CDNA,2026-01-06,3.3530646114621283,1,38.91128005638601,4.813691962246158,3.059380542979967,Tuesday,1,2026-01-06,True
KURA,2026-01-06,-11.50943320855928,10,39.59183519165916,6.128010065094281,1.7647026084167383,Tuesday,1,2026-01-06,True
ZYME,2026-01-06,-4.620718286345882,29,36.418828081571,5.115531524213505,5.390553319757789,Tuesday,1,2026-01-06,True
MAMA,2026-01-07,6.828675908779687,6,26.122454708861117,4.810645908168722,4.151672113203562,Wednesday,1,2026-01-07,True
CDNA,2026-01-08,12.316510676666857,4,31.239663200241324,5.587712269857315,1.2307846370242446,Thursday,1,2026-01-08,True
VSTS,2026-01-08,8.723026775839246,8,38.81118774676514,6.943375472496157,1.6910454459148332,Thursday,1,2026-01-08,True
AVR,2026-01-09,10.767039057258392,7,32.57576410784601,9.042258698027142,0.6441877692140806,Friday,1,2026-01-09,True
IMMX,2026-01-12,23.666873254751845,11,21.92982699512193,10.518095414037672,2.563864152674791,Monday,1,2026-01-12,True
RLAY,2026-01-12,5.614689368414542,2,38.28124979064921,5.777228940630585,5.377138270072175,Monday,1,2026-01-12,True
M,2026-01-12,-4.482081716624182,29,36.61971445397824,4.093847029780225,5.504017356868098,Monday,1,2026-01-12,True
TSHA,2026-01-12,-8.011113248920077,29,38.02281872509775,7.098982848347983,3.159613644361555,Monday,1,2026-01-12,True
DYN,2026-01-12,9.5754441353287,22,34.087866526623515,6.988219962638929,2.025007542642408,Monday,1,2026-01-12,True
RLMD,2026-01-14,12.625705136001969,9,36.05150596962695,9.605510597225464,4.587752685587426,Wednesday,1,2026-01-14,True
RLAY,2026-01-15,7.086283120652297,12,28.925613967859636,6.021118440350995,4.709069842562269,Thursday,1,2026-01-15,True
FTRE,2026-01-15,7.846457356566586,7,35.15357647971176,6.675285424779911,5.485890231695857,Thursday,1,2026-01-15,True
PACS,2026-01-20,9.556279385274722,21,35.50913729772184,5.4030267475718725,8.960555224972556,Tuesday,1,2026-01-20,True
BRUN,2026-01-23,-5.405708075956967,10,32.743377566353175,4.105227853935404,1.2257634995802966,Friday,1,2026-01-23,True
AAL,2026-01-27,12.632171648001997,10,29.4573609659104,4.378945937711882,0.7286350247844807,Tuesday,1,2026-01-27,True
PACK,2026-01-27,-6.312431554949555,9,33.160625873568975,4.619350597119584,1.4771459199382997,Tuesday,1,2026-01-27,True
VSTS,2026-01-28,4.889839041056348,1,38.2716078671364,5.725503605345444,1.90427892832411,Wednesday,1,2026-01-28,True
ACHV,2026-01-28,8.277749411800611,29,34.892087944500915,7.950761629993401,1.765838143494537,Wednesday,1,2026-01-28,True
CYRX,2026-01-29,-9.08939869720404,7,33.6419627172469,5.203005158912393,0.707434733859994,Thursday,1,2026-01-29,True
MRVI,2026-01-29,-12.141401684347294,14,36.875002005650586,5.963141702879527,1.8474359739883668,Thursday,1,2026-01-29,True
RLMD,2026-01-30,12.998057682723164,10,29.569891354653222,9.27244464440408,3.545787799571258,Friday,1,2026-01-30,True
ARTV,2026-01-30,16.910118646336574,20,32.61261608599038,10.25771841100274,1.2769453286843715,Friday,1,2026-01-30,True
SNDR,2026-01-30,7.953163486567899,4,38.41807635649425,4.06932848793638,1.9585407717110488,Friday,1,2026-01-30,True
NRIX,2026-01-30,-4.493523114132186,31,34.20455096651378,7.000272222456065,2.892773804375694,Friday,1,2026-01-30,True
KOD,2026-01-30,15.745827744056433,20,31.841529092845363,9.690972148025324,3.074909220441065,Friday,1,2026-01-30,True
ABX,2026-01-30,10.902982349600103,3,25.925927230108528,5.300485991562338,2.380516587011677,Friday,1,2026-01-30,True
AIP,2026-01-30,10.648566313656804,26,26.680680524393807,6.209274159118077,2.5931712577574424,Friday,1,2026-01-30,True
NEO,2026-01-30,4.442944850502868,4,33.532938607553604,4.569848278751707,4.879122958656953,Friday,1,2026-01-30,True
STTK,2026-02-02,11.904769837200378,21,31.683161786783984,8.714372585069995,5.080247251017057,Monday,2,2026-02-02,True
MUR,2026-02-02,6.777140885746667,2,39.67743042466288,5.066299867966039,0.9476507281779732,Monday,2,2026-02-02,True
ABX,2026-02-03,12.759626901061525,8,35.04273722520274,6.551283861296773,1.5743022435766707,Tuesday,2,2026-02-03,True
CMPS,2026-02-03,18.59756817396409,14,31.06796252703405,6.356833351270537,2.470746301592675,Tuesday,2,2026-02-03,True
ADEA,2026-02-03,5.92778647167069,6,39.68105421151222,4.452276486601259,2.888694652597781,Tuesday,2,2026-02-03,True
IMVT,2026-02-04,6.671847192477561,2,30.49645814222828,4.564302257530996,4.208444703832129,Wednesday,2,2026-02-04,True
BFLY,2026-02-04,15.860215962402885,22,25.93985312669001,8.184111249172433,3.832774018288009,Wednesday,2,2026-02-04,True
GLUE,2026-02-04,-8.282026975358283,29,24.05501108433782,7.903279563933641,5.313407577437628,Wednesday,2,2026-02-04,True
OMCL,2026-02-04,-22.68766038130797,8,31.53068067194731,4.081557585711355,5.571871018830702,Wednesday,2,2026-02-04,True
NEO,2026-02-04,-19.562410995378617,20,28.522321428877305,4.555450643156305,4.584371461972468,Wednesday,2,2026-02-04,True
SHOO,2026-02-04,-11.025070002551992,1,27.7004585973594,4.812846237833723,1.9857479440160917,Wednesday,2,2026-02-04,True
SVRA,2026-02-04,8.121891511987434,8,37.59689436445616,5.779190208289356,3.662781728408965,Wednesday,2,2026-02-04,True
TXG,2026-02-04,9.310420609412915,9,38.37500166137765,5.854801461491471,3.5727600866831475,Wednesday,2,2026-02-04,True
PL,2026-02-04,17.23775626590735,16,35.76349446129832,9.84006404740416,4.000562917571594,Wednesday,2,2026-02-04,True
AVTX,2026-02-04,-8.68142154814194,1,38.333329392775305,8.270803602426732,0.916998921555458,Wednesday,2,2026-02-04,True
ZIM,2026-02-05,47.17018901327779,12,35.60144878319794,5.354935788452556,3.088327031093748,Thursday,2,2026-02-05,True
RCUS,2026-02-05,9.44585762409502,25,39.0547183333884,6.287519446448448,2.758002028924183,Thursday,2,2026-02-05,True
LION,2026-02-05,4.936583797916193,1,39.901484731464976,4.3981146729484175,4.234274437762008,Thursday,2,2026-02-05,True
LAR,2026-02-05,20.288890943307955,19,30.14553337601305,8.998806090986216,3.299172308315189,Thursday,2,2026-02-05,True
SKYT,2026-02-05,1.4503666131804454,29,37.68913775537823,8.12992908284426,4.906257288998388,Thursday,2,2026-02-05,True
FTRE,2026-02-05,-25.75412814853325,7,35.826781245275185,8.590065933757874,2.231119077376358,Thursday,2,2026-02-05,True
ZYME,2026-02-05,5.289507432422952,7,35.39022203814578,4.844803510666329,2.8157367189006988,Thursday,2,2026-02-05,True
BCAX,2026-02-06,-8.655073351898938,6,37.34061775710723,6.832812855682276,0.6561726352616667,Friday,2,2026-02-06,True
ADPT,2026-02-06,-5.964684679116723,28,37.96423727345744,7.678752700087349,0.7494185913868769,Friday,2,2026-02-06,True
TWO,2026-02-06,-12.59700987683521,19,19.521893525710425,6.537701945623153,0.8903207671513726,Friday,2,2026-02-06,True
HUBG,2026-02-06,-7.152045363260823,28,38.40340246080545,5.375793379185516,1.489127403965162,Friday,2,2026-02-06,True
SHOO,2026-02-09,-2.141661946592145,16,28.71549787460492,5.579965338432479,0.6258943228133789,Monday,2,2026-02-09,True
ANNX,2026-02-10,11.757724712480378,29,26.15385391327719,7.300215621754136,4.709080614550476,Tuesday,2,2026-02-10,True
QTTB,2026-02-11,11.563792284923736,1,37.49999977370687,11.206994363510558,2.135604905525961,Wednesday,2,2026-02-11,True
NEXA,2026-02-12,14.09679695129394,15,36.42472553213276,7.44314551320345,5.135885189977014,Thursday,2,2026-02-12,True
LION,2026-02-12,15.963245308613269,15,20.52981618211284,5.820834580306267,1.4752523934972854,Thursday,2,2026-02-12,True
BBAR,2026-02-12,-10.920971444082756,18,34.63917877552697,7.134039940077538,1.4273144297910885,Thursday,2,2026-02-12,True
FNKO,2026-02-12,10.56700258763638,6,24.21873169072892,7.591890760558393,0.5254141142124757,Thursday,2,2026-02-12,True
OSS,2026-02-12,16.689524178431896,7,34.35114396444631,11.683173895275091,2.027807682804708,Thursday,2,2026-02-12,True
IMNM,2026-02-12,-9.459892488097978,29,35.624470560875025,7.171359044924433,4.096870115037582,Thursday,2,2026-02-12,True
CALY,2026-02-13,5.0370122285436825,31,23.428576556158603,5.718014767980272,2.3894125116519143,Friday,2,2026-02-13,True
ALOY,2026-02-13,17.36297946671071,5,33.477425766940584,11.712397928330107,1.3962076496552955,Friday,2,2026-02-13,True
JBIO,2026-02-17,11.097575362048165,2,37.98319368465573,10.676768598343545,1.9931455077514657,Tuesday,2,2026-02-17,True
TTI,2026-02-17,5.611358437305561,8,39.88868008176327,6.128625507438358,5.475417992816492,Tuesday,2,2026-02-17,True
CRVS,2026-02-17,-11.852144016928616,28,26.557704191583117,9.529374823980412,5.3287128288530905,Tuesday,2,2026-02-17,True
TEO,2026-02-18,11.27585048042851,21,30.601106392286567,5.802860918789052,1.2906486850203664,Wednesday,2,2026-02-18,True
CDNA,2026-02-20,-12.6874923985052,20,39.88438586136528,5.634701218737113,2.445018170230504,Friday,2,2026-02-20,True
SNDR,2026-02-23,-7.595912548309835,16,39.97194342759098,4.250950892578056,1.807936633884854,Monday,2,2026-02-23,True
SNDX,2026-02-23,4.067086466441066,2,37.39128925758869,4.921067551931647,2.8879350693222743,Monday,2,2026-02-23,True
PGEN,2026-02-23,-7.300734492857955,4,37.62376500704735,9.837569254169727,0.7838097279135511,Monday,2,2026-02-23,True
BW,2026-02-23,11.75581141610766,9,38.90675188030167,10.338647275837497,4.282381194939857,Monday,2,2026-02-23,True
AXGN,2026-02-24,0.1381249530498839,28,38.66108875577415,6.016267896193392,4.546237841492774,Tuesday,2,2026-02-24,True
ALTO,2026-02-24,7.510120806986503,7,32.11009213338478,7.138638696752462,3.5631005589305675,Tuesday,2,2026-02-24,True
TENX,2026-02-24,9.892904463932686,1,30.882363951205832,7.952324507456517,2.8319768438436888,Tuesday,2,2026-02-24,True
YETI,2026-02-25,-15.406059715442696,13,39.10204824533108,4.738784736044249,2.386266857588438,Wednesday,2,2026-02-25,True
TTI,2026-02-26,-15.41656210635279,20,31.028031004680585,8.317686659750752,2.012786315392685,Thursday,2,2026-02-26,True
INDV,2026-02-27,4.045441821671765,12,37.53800194690669,4.058190381352614,2.7402408691819016,Friday,2,2026-02-27,True
UNIT,2026-02-27,9.755878089743488,6,34.334766025854975,4.790250531100091,1.2560830538869925,Friday,2,2026-02-27,True
ACRS,2026-02-27,16.838698142295524,10,26.02739208931372,9.803550945839316,1.2875465713948555,Friday,2,2026-02-27,True
ACDC,2026-02-27,6.762731005455978,6,39.06249273024669,6.83750367346814,1.3671867852821424,Friday,2,2026-02-27,True
TNGX,2026-02-27,10.731602688162976,5,33.16953714304739,7.379153980232644,2.6646387064759125,Friday,2,2026-02-27,True
M,2026-02-27,-5.099045428935019,3,31.23394347306946,4.716919895493838,0.881452052398415,Friday,2,2026-02-27,True
TENX,2026-03-02,7.21512526783106,8,31.842113665506886,8.091111829245975,2.59193057982002,Monday,3,2026-03-02,True
YPF,2026-03-02,6.623442669468066,4,32.9860807034152,4.087618381858651,1.4440397654686103,Monday,3,2026-03-02,True
LUV,2026-03-02,-22.77942768635649,25,34.622348207341574,4.029964790980717,5.679949022236554,Monday,3,2026-03-02,True
JBLU,2026-03-02,-12.831032070223316,3,35.312500264602946,6.940747838457723,0.840722826803134,Monday,3,2026-03-02,True
RNECY,2026-03-03,-19.11597563085558,27,26.48083633932042,5.875823815500281,3.3640333694294724,Tuesday,3,2026-03-03,True
MEI,2026-03-03,-19.55109366582468,3,35.661760784146225,5.038971379371746,2.035146893624912,Tuesday,3,2026-03-03,True
BAYRY,2026-03-03,4.444387087789074,28,22.03390063692946,4.017093902608282,3.0377632136019725,Tuesday,3,2026-03-03,True
VSH,2026-03-04,3.339758927447925,28,32.51088483305274,5.501249213241181,1.6845210597510427,Wednesday,3,2026-03-04,True
LIND,2026-03-04,-3.94827977683502,28,34.49541545245701,4.824163957316357,4.584421871126197,Wednesday,3,2026-03-04,True
HBM,2026-03-05,-21.706253445893392,15,39.44295480843528,6.994909057265156,3.3025842184947294,Thursday,3,2026-03-05,True
FANUY,2026-03-05,-13.037737781491964,22,35.303509138783454,4.692727004898859,2.4450773240410903,Thursday,3,2026-03-05,True
KMT,2026-03-06,6.991561739920543,5,39.21217065129952,4.339183184413874,5.985671500664551,Friday,3,2026-03-06,True
AVNS,2026-03-06,3.859141937092648,31,31.9101153413538,4.265921991151083,2.1346134675512083,Friday,3,2026-03-06,True
DRTS,2026-03-06,14.82006933554636,7,39.690721886361786,8.465322497881338,2.839100766675381,Friday,3,2026-03-06,True
NEOG,2026-03-06,-1.641849412462874,31,28.014185937005397,4.632609752214608,5.6017052131012095,Friday,3,2026-03-06,True
AVNT,2026-03-06,-6.506890850762972,7,10.103614507377417,4.046170428399975,1.5617312516787578,Friday,3,2026-03-06,True
ASX,2026-03-06,6.564054652760956,31,34.510879076876776,4.565261750508513,6.227793076198312,Friday,3,2026-03-06,True
TGB,2026-03-06,-6.1662477762499845,31,37.17647442566325,7.378455301486908,3.7786436932889256,Friday,3,2026-03-06,True
SW,2026-03-06,-7.520558931065705,6,16.422495583017678,4.435148207798722,0.5807004811777872,Friday,3,2026-03-06,True
HTLD,2026-03-06,5.016460156237223,31,35.62341269139813,4.856168275038229,2.217618020193631,Friday,3,2026-03-06,True
CTOS,2026-03-06,-11.888767828949211,4,26.51933171719533,4.465076473800159,0.625411387800816,Friday,3,2026-03-06,True
EWTX,2026-03-06,6.777201069719554,4,35.1424674727357,5.550049699761325,4.477478215192667,Friday,3,2026-03-06,True
WULF,2026-03-06,15.486115781610668,7,37.15455413673725,10.87310618075795,0.8092917425484878,Friday,3,2026-03-06,True
HUN,2026-03-06,11.57580453768926,6,38.12080040046445,7.617905542439465,1.2851572498987198,Friday,3,2026-03-06,True
GTX,2026-03-06,-0.9576348710462756,31,29.39438157232128,4.312142029497819,3.0441382552073484,Friday,3,2026-03-06,True
SMERY,2026-03-06,1.7259374116265256,31,36.09774624564069,4.849811264126709,4.266771110783913,Friday,3,2026-03-06,True
BKD,2026-03-09,-5.039445112016471,29,23.35767939734947,4.278601942158703,6.3875166977850295,Monday,3,2026-03-09,True
CRI,2026-03-09,5.620007457561481,29,31.00304477808254,6.495054616842156,0.588789836275633,Monday,3,2026-03-09,True
PACS,2026-03-09,-5.005982349443947,29,31.35775341440593,6.53885937216631,4.581047576962562,Monday,3,2026-03-09,True
UAA,2026-03-09,-9.449998502525291,29,27.03704762404276,5.809389842454107,2.9436521373044986,Monday,3,2026-03-09,True
WERN,2026-03-09,-11.079563400434903,3,39.8222837354922,5.212707899411422,1.0684064874511368,Monday,3,2026-03-09,True
ZGN,2026-03-09,-7.013545134538622,4,25.597266836168032,4.639917730504485,1.1723569052417102,Monday,3,2026-03-09,True
UA,2026-03-09,-8.179232935095612,29,23.983755617533703,5.893024224398789,2.8672377875821664,Monday,3,2026-03-09,True
PANL,2026-03-10,-9.890902781188286,29,38.0165401046971,5.244286726698479,4.241780506788907,Tuesday,3,2026-03-10,True
NVST,2026-03-10,2.335922490633446,29,26.937293975698356,4.063184998108349,3.5002856240190607,Tuesday,3,2026-03-10,True
ARKO,2026-03-10,-3.541726459501618,29,35.55554586000015,4.864502832208678,2.6346601520113224,Tuesday,3,2026-03-10,True
COGT,2026-03-11,4.296602494185967,20,37.50000521667377,5.212479415964458,4.872237501887112,Wednesday,3,2026-03-11,True
GLUE,2026-03-11,5.597243858778833,29,34.513281733680685,7.401969040377272,2.871952861564745,Wednesday,3,2026-03-11,True
LPG,2026-03-11,10.498377198930235,22,36.363633675464726,4.809196061137965,1.6183251496265634,Wednesday,3,2026-03-11,True
LFST,2026-03-11,-6.218073844985835,19,37.0891920698718,4.589495298853687,1.5513640730488103,Wednesday,3,2026-03-11,True
IMVT,2026-03-12,-2.1588226323746884,29,33.802814644091995,4.836084181899528,2.577964397392315,Thursday,3,2026-03-12,True
ESI,2026-03-12,11.888263825932135,12,28.055794050523858,5.299128964035992,1.6514605205284736,Thursday,3,2026-03-12,True
FRO,2026-03-12,12.68440366129109,12,37.44437098418916,5.221877474499635,3.6144112227766,Thursday,3,2026-03-12,True
CMBT,2026-03-12,2.0965494764343693,29,29.06978178900688,4.158811903863125,3.401486694465893,Thursday,3,2026-03-12,True
SKM,2026-03-12,8.234705294362065,12,37.47870678632569,4.451291338922732,4.161123815523173,Thursday,3,2026-03-12,True
AMRX,2026-03-12,-2.55010196404171,8,11.34522746700206,4.068524804976295,0.822408124196979,Thursday,3,2026-03-12,True
SLB,2026-03-12,11.155326891123702,11,20.960283056802908,4.135480708309651,2.6054619876585594,Thursday,3,2026-03-12,True
UMC,2026-03-12,3.966945180354605,29,33.64486688547444,4.045984024157401,3.13508294596606,Thursday,3,2026-03-12,True
ALMS,2026-03-12,-8.102602452546993,29,37.349402291683575,7.264067258760984,7.085576435828424,Thursday,3,2026-03-12,True
WT,2026-03-12,-12.736991602312022,8,37.89063617412735,4.503484548975665,2.1519619469180933,Thursday,3,2026-03-12,True
TRMD,2026-03-12,13.132841236212744,12,37.17135195857044,4.557530049232876,1.9120628092184124,Thursday,3,2026-03-12,True
XPRO,2026-03-12,6.575799035068039,5,32.89719224395003,5.570002807751804,2.272886369047621,Thursday,3,2026-03-12,True
NESR,2026-03-12,19.73074726097021,27,22.85715493342704,6.257362203492602,3.920350283926526,Thursday,3,2026-03-12,True
TK,2026-03-12,9.166185836162878,12,38.61891808254134,4.675681901161994,3.207639968110069,Thursday,3,2026-03-12,True
INDV,2026-03-12,-5.250036750144994,8,34.461538592632664,5.610599395835428,0.5891469611530624,Thursday,3,2026-03-12,True
BIOA,2026-03-13,9.930086582627167,3,34.099147931763326,8.231112257355534,4.789281790738103,Friday,3,2026-03-13,True
ASC,2026-03-13,12.177635911346604,11,37.00787672233434,4.450142095168089,2.0755655417001075,Friday,3,2026-03-13,True
SKE,2026-03-13,5.893417791833989,31,30.716140951317957,6.301392445776148,4.236453896449136,Friday,3,2026-03-13,True
CMP,2026-03-13,8.244688386693674,11,34.92061614589564,5.7306187097213535,1.3237107884622443,Friday,3,2026-03-13,True
RYCEY,2026-03-13,-5.515784820281684,7,37.2832424154241,4.329623017147155,0.7555756679511192,Friday,3,2026-03-13,True
SVRA,2026-03-13,6.888142675672253,19,38.57868631800068,6.544690769762098,1.411540348002442,Friday,3,2026-03-13,True
DMRA,2026-03-13,0.1794165642906564,31,38.83494674668605,11.856059189372584,3.0500962324325918,Friday,3,2026-03-13,True
FNKO,2026-03-16,-9.281815932182608,2,17.460314527706103,10.222646087619882,0.8629510206819386,Monday,3,2026-03-16,True
IMNM,2026-03-16,6.0535607762196735,15,35.98724375239442,6.242414309658352,2.3022314608968504,Monday,3,2026-03-16,True
SSRM,2026-03-18,-11.046068413982356,2,31.486878300758093,7.900904525597978,1.186207379835414,Wednesday,3,2026-03-18,True
NEXA,2026-03-18,16.863359670655626,22,39.59444505703024,8.577695945322368,2.3960200572704258,Wednesday,3,2026-03-18,True
LAR,2026-03-18,16.054090256422686,6,24.28571146378769,8.126895669888903,1.699828729082837,Wednesday,3,2026-03-18,True
CGAU,2026-03-18,12.00808447704944,21,33.74385156330165,6.33230244620115,3.533564476480087,Wednesday,3,2026-03-18,True
KOD,2026-03-18,60.11100529798911,8,22.836094246986637,8.705398015168882,1.1083410948828307,Wednesday,3,2026-03-18,True
KMT,2026-03-18,8.35949377369909,22,36.40645076044659,4.928107940651338,4.32463388082331,Wednesday,3,2026-03-18,True
NRIX,2026-03-18,3.766128821501261,7,38.32598144732368,5.708270130282718,1.121646118338923,Wednesday,3,2026-03-18,True
CRVS,2026-03-18,6.611363943930991,29,23.23943279438849,8.738241862864045,3.030235368889336,Wednesday,3,2026-03-18,True
CGEM,2026-03-18,11.285074450513273,7,33.06188285125897,7.333168579254995,3.4129757831509693,Wednesday,3,2026-03-18,True
TXG,2026-03-18,16.210088291001362,7,25.612249190837503,7.984957875135231,0.7011264073795441,Wednesday,3,2026-03-18,True
MAMA,2026-03-18,8.636040832621273,28,33.680541446361346,5.3458638105682175,3.515378980755183,Wednesday,3,2026-03-18,True
HCSG,2026-03-19,-7.030320860640303,13,23.74243481651058,4.028859349847863,1.28517764424636,Thursday,3,2026-03-19,False
SMTOY,2026-03-20,9.719027467692015,5,33.1340199374783,5.452285914862083,5.619029823780422,Friday,3,2026-03-20,False
CSTM,2026-03-20,13.10215174160623,5,27.615562808940894,5.869678911239406,2.7493697944880373,Friday,3,2026-03-20,False
VSTS,2026-03-20,5.242828308960484,3,38.989174573970885,5.855457208536699,2.86063821177727,Friday,3,2026-03-20,False
CLYM,2026-03-20,14.744122671936273,4,27.1428498255644,9.348678609584749,4.518932323639425,Friday,3,2026-03-20,False
AVR,2026-03-20,11.226063494189518,24,31.1111133045454,7.371783252282764,1.4791760622780108,Friday,3,2026-03-20,False
LPTH,2026-03-20,7.0719259394439415,3,34.051719871368775,9.960220036619209,1.622344582152934,Friday,3,2026-03-20,False
JBIO,2026-03-24,6.034331106439106,1,39.32927016364059,7.321244820458679,1.314212401917315,Tuesday,3,2026-03-24,False
AVBP,2026-03-24,-4.478179958467589,6,26.113995375385485,6.786346782678147,0.5544434535543763,Tuesday,3,2026-03-24,False
VIR,2026-03-24,9.169271908025308,1,35.85713621316059,6.88901173222284,3.51401454684281,Tuesday,3,2026-03-24,False
BIOA,2026-03-24,13.752513437868512,29,34.93317323774063,10.98141959121826,2.2967337963228176,Tuesday,3,2026-03-24,False
MITK,2026-03-26,5.327314933057274,13,37.66234428104361,4.759311791462172,4.6412277447037535,Thursday,3,2026-03-26,False
ABX,2026-03-26,7.889299644472795,25,33.974363132566864,5.642955780503558,2.906639398239875,Thursday,3,2026-03-26,False
RCUS,2026-03-27,9.844182461309172,5,33.43848815940869,6.393418413898341,0.7447259217088252,Friday,3,2026-03-27,False
SLS,2026-03-27,19.66570186176,21,33.47192995323425,11.851388120137797,2.814412024902707,Friday,3,2026-03-27,False
ALM,2026-03-27,23.13010255484937,17,34.13906818171024,11.81292352267213,2.995275768763529,Friday,3,2026-03-27,False
RNG,2026-03-27,7.6060975858015665,5,27.531211308792837,6.336235699471257,2.249951567491117,Friday,3,2026-03-27,False
SKYT,2026-03-27,5.007750635147088,5,36.773252676688514,4.547877090167715,4.629700497013113,Friday,3,2026-03-27,False
JBIO,2026-03-27,4.033996796608762,4,36.66666245951005,6.8083393568746375,1.3980354191072075,Friday,3,2026-03-27,False
TE,2026-03-27,-23.960942841134752,4,36.22047847564594,11.98258295562186,0.9056357271048348,Friday,3,2026-03-27,False
VIR,2026-03-27,10.155710341508511,6,29.10447727786284,6.991458635040456,3.0927187862732093,Friday,3,2026-03-27,False
DRS,2026-03-30,5.23155664388844,2,36.49825941614203,4.340048958885926,1.7921537351875572,Monday,3,2026-03-30,False
CSTM,2026-03-30,8.204425751986266,2,38.02955689401416,5.814702358449654,2.913331305413039,Monday,3,2026-03-30,False
RLAY,2026-03-30,6.8677878540859965,1,29.81929298915968,7.207560709008227,2.9775629467831566,Monday,3,2026-03-30,False
ANNX,2026-03-30,13.495964179146949,1,31.75894622757129,7.782185206620919,1.6699638954331746,Monday,3,2026-03-30,False
SMTOY,2026-03-30,20.435138584532474,9,33.58778382438351,6.066359261217731,3.565237199086884,Monday,3,2026-03-30,False
EFXT,2026-03-30,4.420682304574726,10,35.010035553851054,4.098007588339329,6.456562032753357,Monday,3,2026-03-30,False
CLYM,2026-03-30,7.185574224224584,1,36.78929711324701,8.64425797177619,4.996039429634801,Monday,3,2026-03-30,False
GPRK,2026-04-08,9.944425143595472,2,29.39561162425626,5.500427786403134,1.561655334151144,Wednesday,4,2026-04-08,True
ACDC,2026-04-09,9.096013272431216,7,38.92215390119687,7.903613130549759,2.588505585964497,Thursday,4,2026-04-09,True
PUMP,2026-04-09,4.886485961913676,4,36.57288365660488,5.625533393718181,5.078449034751502,Thursday,4,2026-04-09,True
GPRE,2026-04-09,5.714526374361618,12,39.238402061450095,6.62954145744989,3.4887906062759693,Thursday,4,2026-04-09,True
LBRT,2026-04-09,7.909526704422831,13,26.721494224609813,5.481488720130693,4.795999631173383,Thursday,4,2026-04-09,True
RNG,2026-04-10,11.463450736929076,4,37.0300825236504,6.48383117033289,1.2825626955746463,Friday,4,2026-04-10,True
PTEN,2026-04-10,6.191610700377447,3,39.08628690528983,5.581557650271328,5.124433852630141,Friday,4,2026-04-10,True
HP,2026-04-14,4.8667531860717705,8,33.368318025522754,4.080742947718719,3.249610269309271,Tuesday,4,2026-04-14,True
RIG,2026-04-14,6.292688797758304,13,36.47057770521659,5.231875770513359,4.572808506457528,Tuesday,4,2026-04-14,True
PTEN,2026-04-14,8.025571516354692,8,39.41298793799369,5.866829070387366,4.560625618552663,Tuesday,4,2026-04-14,True
VG,2026-04-14,5.869066464923757,28,26.3583795356099,10.275804084978574,1.751221140917982,Tuesday,4,2026-04-14,True
AGRO,2026-04-15,7.418216710050143,14,37.61141068147136,6.276850237214441,4.995558998569418,Wednesday,4,2026-04-15,True
EGY,2026-04-15,6.840404130381862,6,37.87878140783929,5.203748860054265,4.211060029127069,Wednesday,4,2026-04-15,True
APA,2026-04-15,10.054766804211186,14,35.57457563133458,5.515380303028868,4.428846493223865,Wednesday,4,2026-04-15,True
EQNR,2026-04-15,9.061506113876083,14,35.16394896906243,4.621639294459807,5.510686324574764,Wednesday,4,2026-04-15,True
TENX,2026-04-16,8.248519151733543,4,39.50703622579655,8.555325214190075,2.2331516550381467,Thursday,4,2026-04-16,True
MUR,2026-04-17,7.412399909200489,6,34.7826153978246,5.307886497584192,2.408085268565645,Friday,4,2026-04-17,True
SM,2026-04-17,14.336857366893756,11,24.64313179587434,6.10882178740168,2.167927643669002,Friday,4,2026-04-17,True
TALO,2026-04-17,13.26799950599671,6,30.14230346011188,6.566451391512363,2.019317918590962,Friday,4,2026-04-17,True
NEXT,2026-04-17,11.487859227426236,5,37.59615365676088,8.99563889268741,1.269567097300592,Friday,4,2026-04-17,True
YPF,2026-04-17,6.516606800010341,4,29.87697422944278,4.492140629949926,2.922809489539723,Friday,4,2026-04-17,True
DOW,2026-04-17,10.526627039711208,6,34.40859648603896,5.6190486470570535,3.84666596572495,Friday,4,2026-04-17,True
XPRO,2026-04-20,6.3794695725777935,2,36.61086260946816,4.357488451653906,1.5533821276584554,Monday,4,2026-04-20,True
MAMA,2026-04-20,-6.03101201274168,17,37.66578933181415,5.667403757582493,1.2137085828773877,Monday,4,2026-04-20,True
BCRX,2026-04-21,9.88314843073889,22,36.011907146064445,5.043935353467546,2.057753482535856,Tuesday,4,2026-04-21,True
DRS,2026-04-22,-5.1629431128619,2,34.16875297163935,4.092253254583925,1.013236941865043,Wednesday,4,2026-04-22,True
SNDX,2026-04-22,-13.63763280929908,9,36.44578755480374,5.010940349212669,2.1492525300986296,Wednesday,4,2026-04-22,True
CGEM,2026-04-23,10.171859267273238,4,35.769230602391005,6.526791059420309,2.3248004118151053,Thursday,4,2026-04-23,True
NAT,2026-04-23,6.802169193553725,11,31.18277947591204,5.663963986216591,3.884420957665824,Thursday,4,2026-04-23,True
CLMT,2026-04-24,8.820066232821246,7,18.45018204609802,4.783371405507019,4.853361398121747,Friday,4,2026-04-24,True
CGEM,2026-04-27,7.656287209492802,7,33.737382749585265,6.499502561763625,2.522224954027954,Monday,4,2026-04-27,True
EWTX,2026-04-28,26.02415388407642,7,39.90147935115651,5.180216394646582,3.6865085801206448,Tuesday,4,2026-04-28,True
SSRM,2026-04-28,10.668355643592172,8,26.044214845396127,5.871824448009161,2.3259646768970006,Tuesday,4,2026-04-28,True
SLDB,2026-04-29,-13.945109794965434,20,32.89902315720812,7.332731481376034,1.6586148550778748,Wednesday,4,2026-04-29,True
CGAU,2026-04-29,8.068772937724237,8,36.57408666818696,5.01822878121798,2.3212446769086377,Wednesday,4,2026-04-29,True
TXG,2026-04-29,13.689557602304228,7,37.155968552773,7.12812281797659,1.503828638318888,Wednesday,4,2026-04-29,True
DMRA,2026-04-29,7.105681955238767,1,31.93716526596667,9.866337257171134,1.0591069688013617,Wednesday,4,2026-04-29,True
MLTX,2026-04-29,8.831923814981257,5,24.770651513507943,5.986463124517494,0.7874520460810629,Wednesday,4,2026-04-29,True
SKE,2026-04-29,10.85027234598225,8,34.75239425232027,5.492921691856814,2.0372064497903386,Wednesday,4,2026-04-29,True
NEOG,2026-04-29,5.410364467641241,2,34.534533615320555,5.014280383801219,1.9279015718466228,Wednesday,4,2026-04-29,True
TYRA,2026-04-29,7.624784766277107,15,38.44011848144541,6.7577264729119335,3.280425801917702,Wednesday,4,2026-04-29,True
TENX,2026-04-29,-9.267604630499331,19,35.8257431435983,9.282653899076234,1.186129673888647,Wednesday,4,2026-04-29,True
BW,2026-05-01,18.47356875646288,10,27.556509530632937,10.25594908675223,3.617618087859716,Friday,5,2026-05-01,True
HBM,2026-05-04,9.76705286825102,2,31.270366488504138,5.545760763377313,1.0089634492208372,Monday,5,2026-05-04,True
TGB,2026-05-04,6.216935230407368,2,34.12161814040003,5.472933547325934,1.934225367296888,Monday,5,2026-05-04,True
CNK,2026-05-04,-3.791414286404979,8,27.14287149099593,4.108861650401509,0.6683478625391246,Monday,5,2026-05-04,True
STTK,2026-05-05,11.149496673586878,6,36.59573876409955,8.097291551841248,4.5913339367722505,Tuesday,5,2026-05-05,True
PACS,2026-05-05,18.22279317306143,7,34.81780557091176,4.725025376049757,1.7833358543628015,Tuesday,5,2026-05-05,True
AMLX,2026-05-07,-8.875524418925295,7,17.88616494293167,5.875232889120116,1.0158983045314272,Thursday,5,2026-05-07,True
IMNM,2026-05-07,4.48660875785019,4,27.97834014951627,5.1570441509266,1.5310031134538835,Thursday,5,2026-05-07,True
COGT,2026-05-07,-6.258897827738842,8,30.097095700468003,4.290780548234332,1.0603389376601136,Thursday,5,2026-05-07,True
BFLY,2026-05-07,17.223603211183537,28,31.831835912131,9.164432891608127,1.7836245361017586,Thursday,5,2026-05-07,True
ADTN,2026-05-07,13.257318690947988,19,37.3557267083717,6.93923529557713,4.013567508737722,Thursday,5,2026-05-07,True
ANNX,2026-05-07,8.26073320710394,1,18.9024369128461,5.951580899706482,1.7940671705130506,Thursday,5,2026-05-07,True
ACHC,2026-05-07,9.769582720683982,6,39.67479234070549,6.728266886753873,2.7906083681588325,Thursday,5,2026-05-07,True
VIR,2026-05-07,-6.8815621122804895,29,31.170490635650623,5.866327096784326,3.2944200064739912,Thursday,5,2026-05-07,True
EPC,2026-05-07,-9.336349087974588,4,38.85350094876984,5.743430251852233,1.4789462868639394,Thursday,5,2026-05-07,True
PRAA,2026-05-08,-23.53430878104314,5,31.641278836636985,5.3754439465768415,2.7989381151581165,Friday,5,2026-05-08,True
DMRA,2026-05-08,5.756373212867215,14,38.358967401823136,8.74960873657567,0.8263850236569109,Friday,5,2026-05-08,True
NEOG,2026-05-08,-9.693266205903228,7,39.2592559160228,4.595406811940612,1.783028337201641,Friday,5,2026-05-08,True
KOD,2026-05-08,6.87412180800472,3,33.37415889263913,8.060956428617967,4.2837658675498895,Friday,5,2026-05-08,True
LPTH,2026-05-08,17.887886081906622,11,37.5557539568491,11.677199853989952,0.8524513413876262,Friday,5,2026-05-08,True
UA,2026-05-11,-16.849999999999994,1,35.74660991598067,4.614935507610656,1.41166459251396,Monday,5,2026-05-11,True
KOD,2026-05-11,-22.23565707756079,29,31.70447925809009,8.796447287493637,3.661795154439299,Monday,5,2026-05-11,True
CLDX,2026-05-11,-8.494047399860651,29,39.79274134536642,4.956701860125582,2.6875850702723945,Monday,5,2026-05-11,True
UAA,2026-05-11,-17.179698728615215,1,35.49783626566368,4.81974466521699,1.3197452251770565,Monday,5,2026-05-11,True
STGW,2026-05-12,9.691090381415426,14,31.41761000283817,4.930172400129627,1.4707040796139046,Tuesday,5,2026-05-12,True
ANNX,2026-05-12,-9.014706139900692,6,25.30119007028003,6.136647021206215,1.379529765799804,Tuesday,5,2026-05-12,True
ZYME,2026-05-13,-2.070325971086545,20,34.004475174265494,5.077671652835738,0.6823586562149258,Wednesday,5,2026-05-13,True
KMT,2026-05-13,-6.692937492904534,16,39.31001818481843,5.485568922665598,1.2592394286722646,Wednesday,5,2026-05-13,True
BCAX,2026-05-13,7.98261539164028,14,37.71580196990463,5.306082071962352,2.5151439981793366,Wednesday,5,2026-05-13,True
IMNM,2026-05-14,-9.817987258703509,4,34.96093835027867,5.127740856462877,1.1279499041960446,Thursday,5,2026-05-14,True
CRVS,2026-05-14,-10.04001713890017,1,35.53965498698528,8.730740640501232,0.746250099347302,Thursday,5,2026-05-14,True
ALM,2026-05-14,14.725104016785922,21,38.76845564518095,9.856016241218288,3.0410973749151244,Thursday,5,2026-05-14,True
AVBP,2026-05-14,5.238784783022329,15,33.81876096086266,5.643111817146611,3.243664834140499,Thursday,5,2026-05-14,True
UNIT,2026-05-15,3.9542111150092354,12,36.263733774485,4.482720769889836,6.150918853302252,Friday,5,2026-05-15,True
STTK,2026-05-15,-27.010227532058533,21,29.945054865870432,8.532333436049317,3.603657360753813,Friday,5,2026-05-15,True
CDNA,2026-05-15,5.127669354560642,5,33.33332197784375,6.144624889345313,1.2715531199691346,Friday,5,2026-05-15,True
TNGX,2026-05-15,45.6927769466112,24,33.216987645196625,9.999952791397693,3.197015575036125,Friday,5,2026-05-15,True
TSHA,2026-05-15,-0.0323867075722626,31,39.583331446745696,6.9200745613714325,2.294171686242401,Friday,5,2026-05-15,True
PAYS,2026-05-15,13.594023735291216,6,37.33766040865891,8.797246418200391,1.2783033494348597,Friday,5,2026-05-15,True
RLMD,2026-05-18,14.76136118315479,3,35.29412115215099,7.713933912925949,3.08753442343257,Monday,5,2026-05-18,True
JBIO,2026-05-18,-32.10809001784208,21,34.77366060690058,8.256811385435558,3.685858706614204,Monday,5,2026-05-18,True
ALMS,2026-05-18,-10.071915792405072,18,38.091283911493456,7.764448500702013,1.7991723338539138,Monday,5,2026-05-18,True
RCUS,2026-05-18,7.051290468905365,11,39.55223978555855,5.7691564745076604,0.9942841387654192,Monday,5,2026-05-18,True
ABX,2026-05-19,4.670687741034709,7,38.65546330439132,5.0681226134358095,1.839121077193402,Tuesday,5,2026-05-19,True
LXU,2026-05-19,-14.700435928632889,29,39.66713191915541,6.006553344634997,3.09703076719798,Tuesday,5,2026-05-19,True
CC,2026-05-19,1.0401400335903772,29,35.2221526214517,6.694997903090891,3.189525925542716,Tuesday,5,2026-05-19,True
ADEA,2026-05-20,13.425135031400831,12,37.4015725181228,6.84304214773159,3.4464381420762904,Wednesday,5,2026-05-20,True
GPRE,2026-05-20,-5.49821050475027,29,39.092058722539,5.708579776838812,2.963384713638182,Wednesday,5,2026-05-20,True
DOW,2026-05-20,-12.704717004052284,29,29.63319990163004,4.425180173586319,3.7263255029124633,Wednesday,5,2026-05-20,True
BCRX,2026-05-21,6.746451912766487,6,36.423848001167016,5.14307360470684,1.0552675272235923,Thursday,5,2026-05-21,True
OBE,2026-05-21,-25.580439868355786,32,32.396999948103314,5.600032429205237,6.179424305187304,Thursday,5,2026-05-21,True
ACHC,2026-05-21,12.977510187578034,13,27.23845182956623,6.308356128909955,2.1851693951193223,Thursday,5,2026-05-21,True
NAT,2026-05-22,4.545248257756265,26,37.31344147497604,4.085674993850959,3.6897966758979375,Friday,5,2026-05-22,True
BVS,2026-05-22,-14.73286577084994,10,39.01233664842356,6.10264006121094,1.555466832500798,Friday,5,2026-05-22,True
LBRT,2026-05-22,-15.2289286798979,32,34.285707657660865,4.507574069722562,5.386151348444373,Friday,5,2026-05-22,True
TYRA,2026-05-22,-11.922178099244633,11,38.46154602359689,5.972819467920647,1.968229693245333,Friday,5,2026-05-22,True
CVI,2026-05-26,5.570984493321913,2,35.42856711740082,5.464190464576459,0.8884475524446236,Tuesday,5,2026-05-26,True
MUR,2026-05-26,7.896337118855748,8,30.706325870228056,4.409957380351982,1.5134705705387808,Tuesday,5,2026-05-26,True
TK,2026-05-26,-1.7494659657381,29,31.137718308721418,4.725529055401875,2.125608701219967,Tuesday,5,2026-05-26,True
RELY,2026-05-26,4.993435034899153,29,28.442721914956167,4.487679346290601,4.690807381147152,Tuesday,5,2026-05-26,True
EGY,2026-05-26,-8.886956896944177,29,26.415103501613856,4.628815177371864,2.751092627530632,Tuesday,5,2026-05-26,True
AGRO,2026-05-26,-20.80287671163953,21,33.00589245687787,5.899457616326991,3.1758760172984086,Tuesday,5,2026-05-26,True
TALO,2026-05-26,5.743374807533381,15,39.223305394851565,4.8988310989871,2.8617786661082767,Tuesday,5,2026-05-26,True
AXGN,2026-05-27,4.934067108917692,8,31.56280339690024,4.552747669944378,4.196423328126643,Wednesday,5,2026-05-27,True
EFXT,2026-05-27,-2.9618438592563483,29,38.86743693343173,4.26678566677456,5.928571623678396,Wednesday,5,2026-05-27,True
ASC,2026-05-27,-10.139175667450704,29,39.62264004674391,4.058903071341892,5.004411174628464,Wednesday,5,2026-05-27,True
CODI,2026-05-28,-9.035290909913853,29,36.444457592661294,5.081429024808944,6.717109721613977,Thursday,5,2026-05-28,True
TRMD,2026-05-28,-4.30890435096526,29,28.487889025005543,4.357152755203849,1.906324879906497,Thursday,5,2026-05-28,True
RSI,2026-05-28,4.234313984510472,12,39.02439483761251,4.152425614288648,5.361366261455445,Thursday,5,2026-05-28,True
SMERY,2026-05-28,-18.44136518868411,13,39.097042444431,4.366278203188485,3.3315494565386823,Thursday,5,2026-05-28,True
FRO,2026-05-28,8.73720344705489,14,35.42345482796901,4.197444142070654,3.243028785862934,Thursday,5,2026-05-28,True
AESI,2026-05-29,11.094861904649257,5,34.3653293906188,5.948328403546265,4.417982518454096,Friday,5,2026-05-29,True
SGHC,2026-05-29,5.384773113599611,3,39.32203108162194,4.317889367961064,2.2443903497114484,Friday,5,2026-05-29,True
IBRX,2026-06-01,8.368773015626283,23,35.45151029109054,8.376200438964691,2.6939870220384154,Monday,6,2026-06-01,True
AURA,2026-06-01,-15.066900736895782,9,22.52750244079944,5.641487593458602,2.299015333001956,Monday,6,2026-06-01,True
VIAV,2026-06-01,7.733727202083933,1,30.844495686426452,7.709921108423033,4.959850067419653,Monday,6,2026-06-01,True
ACRS,2026-06-01,7.0277858105792,1,28.96551219900661,5.066066592691857,4.016969107287046,Monday,6,2026-06-01,True
IMMX,2026-06-02,11.87100332526234,15,19.602660210205315,9.539364778306403,1.5597952497807828,Tuesday,6,2026-06-02,True
NVCR,2026-06-02,9.535831050322177,2,27.40472163921497,5.891022126701439,2.9457637084587223,Tuesday,6,2026-06-02,True
RLMD,2026-06-02,-0.6668256891336698,29,34.34650828980425,6.861315416180612,2.8585929692495298,Tuesday,6,2026-06-02,True
FLYW,2026-06-03,10.648144716653963,13,36.50442592603176,5.259513696122822,1.4113030226213787,Wednesday,6,2026-06-03,True
TBLA,2026-06-03,8.762578384669846,13,28.461535615659518,4.504829632933418,3.3177787399272183,Wednesday,6,2026-06-03,True
EOLS,2026-06-03,6.012683191063741,1,34.666682274885645,5.059767789387643,1.1847333613344382,Wednesday,6,2026-06-03,True
BLMN,2026-06-03,6.909041695750129,8,35.20598817771132,6.303735660111317,1.7364541314348725,Wednesday,6,2026-06-03,True
TTI,2026-06-03,-4.81550123223732,2,37.465576969862056,5.433358308134136,0.7506795674254112,Wednesday,6,2026-06-03,True
TH,2026-06-05,8.893934039600868,6,23.157902699528847,4.585865249704312,7.872047161196666,Friday,6,2026-06-05,True
FANUY,2026-06-05,10.076688578299354,17,33.9506198376604,5.20047423118186,2.1721568540462988,Friday,6,2026-06-05,True
PUMP,2026-06-05,-18.16030976946831,27,31.66439834940272,6.73537297372878,2.179572509258315,Friday,6,2026-06-05,True
HLX,2026-06-05,6.422162348193923,6,36.17745501172976,4.0165373227339325,2.312947654031813,Friday,6,2026-06-05,True
AUR,2026-06-05,14.74542094935332,26,30.978258568650677,8.490113887600828,2.6882513059309043,Friday,6,2026-06-05,True
NESR,2026-06-05,5.687413838317327,3,38.427303192302446,4.872381040658237,3.350710830488222,Friday,6,2026-06-05,True
NEXA,2026-06-05,12.067412591730871,10,36.48649434352326,8.537240775255269,1.784085041440001,Friday,6,2026-06-05,True
LAR,2026-06-05,-13.74380139881809,32,38.55421637904136,8.007587117058366,2.039877062634034,Friday,6,2026-06-05,True
CGEM,2026-06-05,-10.996003059946233,5,36.2111862863806,7.546797516182107,0.971551344645033,Friday,6,2026-06-05,True
BW,2026-06-05,-28.411373265315447,27,29.560683416450047,11.005701124094523,2.836901372794347,Friday,6,2026-06-05,True
WT,2026-06-05,1.5034623832666925,32,36.71704864384259,4.228523546752171,4.068446483569652,Friday,6,2026-06-05,True
AESI,2026-06-05,-16.370867582895336,32,36.88622488421799,6.332276727316069,3.930354261272246,Friday,6,2026-06-05,True
PRM,2026-06-05,6.071905011571219,4,31.21175668188297,4.875972518819627,1.9819664446642056,Friday,6,2026-06-05,True
WEST,2026-06-05,8.4981894591035,5,35.64669029192791,6.381205513896261,5.2213178268346025,Friday,6,2026-06-05,True
UNFI,2026-06-09,10.370033084037283,1,39.77154989302364,5.94612342611616,1.91979821101312,Tuesday,6,2026-06-09,True
CVI,2026-06-09,-8.158891226238604,6,38.87217125570818,5.312484495774117,0.9017879021037432,Tuesday,6,2026-06-09,True
NESR,2026-06-10,6.788326364850578,2,33.462028220520935,5.26411364524552,2.6690709437075566,Wednesday,6,2026-06-10,True
ACRS,2026-06-10,9.88746797137071,2,37.714269998072,6.095178475759986,2.197925077089674,Wednesday,6,2026-06-10,True
RNG,2026-06-11,-8.208964144071812,14,39.80277104255007,7.125126974150213,1.261209826171097,Thursday,6,2026-06-11,True
HP,2026-06-15,-11.648004531860355,9,38.83161742539905,4.522250324609976,1.8022598299861503,Monday,6,2026-06-15,True
NEXT,2026-06-15,7.974223536694423,28,39.99999684476617,6.375488688374979,2.487223637852701,Monday,6,2026-06-15,True
PTEN,2026-06-15,-19.78639945892848,16,36.01532592389802,5.916720753448539,2.7736445744194462,Monday,6,2026-06-15,True
APA,2026-06-15,-8.532181710583956,16,38.59649789214967,4.811769255165497,1.825406499798567,Monday,6,2026-06-15,True
SSL,2026-06-15,-15.285866681023409,11,28.361351104730176,4.814859049767635,3.116997613040318,Monday,6,2026-06-15,True
IRDM,2026-06-16,18.906300150208644,13,36.12857957763578,8.0937693751252,4.349251959665079,Tuesday,6,2026-06-16,True
HUN,2026-06-16,-8.613433869995816,2,37.97101818153187,6.184436438104412,1.137762683828193,Tuesday,6,2026-06-16,True
VG,2026-06-17,-5.081990521081591,7,38.93016431377427,7.562632829961176,0.5096904566482581,Wednesday,6,2026-06-17,True
ILPT,2026-06-17,4.755979675732382,6,38.6718907955996,4.199160085319237,5.520887426239852,Wednesday,6,2026-06-17,True
TDC,2026-06-18,8.193479266199466,11,34.715531999242,4.536589061665985,0.903704994841062,Thursday,6,2026-06-18,True
NVCR,2026-06-18,19.71354139584397,14,37.292816248755685,8.179853004135952,0.7035456607033895,Thursday,6,2026-06-18,True
EQNR,2026-06-18,-2.606487523949363,6,33.051642711815944,4.024102360881706,0.6990008215405689,Thursday,6,2026-06-18,True
NE,2026-06-22,-7.701346916958861,2,31.46852811791061,4.114595982226237,0.5375695631951937,Monday,6,2026-06-22,True
TBLA,2026-06-22,7.359998593652588,4,36.36363145515244,4.904150042606968,2.161710472606986,Monday,6,2026-06-22,True
HLX,2026-06-22,-3.3606855808113414,2,39.14373482189117,4.155540736663308,0.7952543276060902,Monday,6,2026-06-22,True
CMP,2026-06-22,7.366028614192673,4,26.89243171728685,5.2723144451683055,3.072256272310821,Monday,6,2026-06-22,True
ETOR,2026-06-23,6.499693404367765,3,34.62132931098104,4.684036445282535,1.0184556221696233,Tuesday,6,2026-06-23,True
CC,2026-06-23,8.521234751243899,2,31.982479929030703,5.96778164707521,1.2961486898635686,Tuesday,6,2026-06-23,True
HPK,2026-06-24,11.060848849939838,14,36.12005403737876,8.396079630158706,1.5130911766767563,Wednesday,6,2026-06-24,True
TALO,2026-06-24,-3.0417968044884915,2,36.05312698812391,4.5163511283281474,0.58689416588139,Wednesday,6,2026-06-24,True
LPG,2026-06-25,11.71635210883584,19,38.13953225461282,5.254044001766733,1.8407285974556928,Thursday,6,2026-06-25,True
HPE,2026-06-26,11.015040529522944,13,33.766989312768686,6.863756251766481,5.293849971695341,Friday,6,2026-06-26,True
DRS,2026-06-26,-3.798090388390604,3,39.01854268862071,4.145460680092357,0.5599493999187602,Friday,6,2026-06-26,True
SRTA,2026-06-26,-5.666225499342954,17,36.15819439185216,5.337237726519146,1.180975696753958,Friday,6,2026-06-26,True
ASC,2026-06-26,-5.023211297710448,3,37.68655584588527,5.346245620991744,0.5811820536644052,Friday,6,2026-06-26,True
DRS,2026-06-30,6.99926655088773,7,37.52664795829792,4.233816198141184,0.5878535731330682,Tuesday,6,2026-06-30,True
HPQ,2026-07-01,9.08226010673875,8,22.92088285577769,4.776785096759052,0.5872208491905192,Wednesday,7,2026-07-01,True
CLSK,2026-07-06,-7.816363201527691,1,32.6721192108665,10.693407446255971,0.7014937562376566,Monday,7,2026-07-06,True
PACK,2026-07-06,7.636328549091312,8,38.14433005125385,5.576057134467881,3.341315907762853,Monday,7,2026-07-06,True
EFXT,2026-07-06,6.87331048081362,2,39.107610951123526,4.516163659161994,1.671263801963098,Monday,7,2026-07-06,True
CTOS,2026-07-07,14.51880765394915,7,38.35293513669212,5.620683480123813,3.3485809891698595,Tuesday,7,2026-07-07,True
SG,2026-07-07,11.19041137556065,6,39.62963168540804,9.197322506720973,1.180266837114089,Tuesday,7,2026-07-07,True
CRI,2026-07-08,8.725384563446589,5,36.190490301321375,4.486767043506542,0.8558045897568529,Wednesday,7,2026-07-08,True
HELE,2026-07-08,10.158970387390214,1,34.92063728033014,6.851624836548595,2.519303062641363,Wednesday,7,2026-07-08,True
